Page_Number,Sutra,Book_Name,Sanskrit,Romanised_Sanskrit,Meaning,Question,Hindi_Question,Answer,Hindi_Answer,Reference_Link,,,,,,,,,,,
7,34,Hatha Yoga Pradīpikā,"उत्तानं शव-वद् भूमौ शयनं तच् छवासनम् ।
शवासनं श्रान्ति-हरं चित्त-विश्रान्ति-कारकम् ॥","uttānaṁ śhava-vad bhūmau śhayanaṁ tac chavāsanam ।
śhavāsanaṁ śhrānti-haraṁ chitta-viśhrānti-kārakam ॥",Lying down on the ground like a corpse is called Śhavāsana. It removes fatigue and gives rest to the mind.,Which asana is recommended for High Blood Pressure?,उच्च रक्तचाप ठीक करने के लिए किस आसन का सुझाव दिया गया है?,Shavasana or Corpse Pose is recommended for High Blood Pressure as it induces deep relaxation.,"उच्च रक्तचाप ठीक करने के लिए शवासन का सुझाव दिया जाता है क्योंकि यह गहरा विश्राम प्रदान करता है। इसे करने के लिए, पीठ के बल सीधे लेट जाएं, आंखें बंद रखें, बिल्कुल स्थिर रहें और स्वाभाविक रूप से सांस लें। यह थके हुए शरीर को आराम देने का सबसे कारगर तरीका है।",https://gyanbharatam.com/manuscript/view?id=9f06fbc7-3682 4966-8d7c-8fb86aaa0275,,,,,,,,,,,
7,34,Hatha Yoga Pradīpikā,"उत्तानं शव-वद् भूमौ शयनं तच् छवासनम् ।
शवासनं श्रान्ति-हरं चित्त-विश्रान्ति-कारकम् ॥","uttānaṁ śhava-vad bhūmau śhayanaṁ tac chavāsanam ।
śhavāsanaṁ śhrānti-haraṁ chitta-viśhrānti-kārakam ॥",Lying down on the ground like a corpse is called Śhavāsana. It removes fatigue and gives rest to the mind.,Which asana is recommended to reduce High Blood Pressure?,उच्च रक्तचाप ठीक करने के लिए कौन सा आसन करना चाहिए?,Shavasana or Corpse Pose is recommended for High Blood Pressure as it induces deep relaxation.,"उच्च रक्तचाप ठीक करने के लिए शवासन का सुझाव दिया जाता है क्योंकि यह गहरा विश्राम प्रदान करता है। इसे करने के लिए, पीठ के बल सीधे लेट जाएं, आंखें बंद रखें, बिल्कुल स्थिर रहें और स्वाभाविक रूप से सांस लें। यह थके हुए शरीर को आराम देने का सबसे कारगर तरीका है।",https://gyanbharatam.com/manuscript/view?id=9f06fbc7-3682 4966-8d7c-8fb86aaa0275,,,,,,,,,,,
7,34,Hatha Yoga Pradīpikā,"उत्तानं शव-वद् भूमौ शयनं तच् छवासनम् ।
शवासनं श्रान्ति-हरं चित्त-विश्रान्ति-कारकम् ॥","uttānaṁ śhava-vad bhūmau śhayanaṁ tac chavāsanam ।
śhavāsanaṁ śhrānti-haraṁ chitta-viśhrānti-kārakam ॥",Lying down on the ground like a corpse is called Śhavāsana. It removes fatigue and gives rest to the mind.,What happens by performing Shavasana?,शवासन करने से क्या होता है?,Shavasana or Corpse Pose is recommended for High Blood Pressure as it induces deep relaxation.,"उच्च रक्तचाप ठीक करने के लिए शवासन का सुझाव दिया जाता है क्योंकि यह गहरा विश्राम प्रदान करता है। इसे करने के लिए, पीठ के बल सीधे लेट जाएं, आंखें बंद रखें, बिल्कुल स्थिर रहें और स्वाभाविक रूप से सांस लें। यह थके हुए शरीर को आराम देने का सबसे कारगर तरीका है।",https://gyanbharatam.com/manuscript/view?id=9f06fbc7-3682 4966-8d7c-8fb86aaa0275,,,,,,,,,,,
7,34,Hatha Yoga Pradīpikā,"उत्तानं शव-वद् भूमौ शयनं तच् छवासनम् ।
शवासनं श्रान्ति-हरं चित्त-विश्रान्ति-कारकम् ॥","uttānaṁ śhava-vad bhūmau śhayanaṁ tac chavāsanam ।
śhavāsanaṁ śhrānti-haraṁ chitta-viśhrānti-kārakam ॥",Lying down on the ground like a corpse is called Śhavāsana. It removes fatigue and gives rest to the mind.,What is benifit of Shavasana?,शवासन करने का क्या लाभ है?,Shavasana or Corpse Pose is recommended for High Blood Pressure as it induces deep relaxation.,"उच्च रक्तचाप ठीक करने के लिए शवासन का सुझाव दिया जाता है क्योंकि यह गहरा विश्राम प्रदान करता है। इसे करने के लिए, पीठ के बल सीधे लेट जाएं, आंखें बंद रखें, बिल्कुल स्थिर रहें और स्वाभाविक रूप से सांस लें। यह थके हुए शरीर को आराम देने का सबसे कारगर तरीका है।",https://gyanbharatam.com/manuscript/view?id=9f06fbc7-3682 4966-8d7c-8fb86aaa0275,,,,,,,,,,,
7,34,Hatha Yoga Pradīpikā,"उत्तानं शव-वद् भूमौ शयनं तच् छवासनम् ।
शवासनं श्रान्ति-हरं चित्त-विश्रान्ति-कारकम् ॥","uttānaṁ śhava-vad bhūmau śhayanaṁ tac chavāsanam ।
śhavāsanaṁ śhrānti-haraṁ chitta-viśhrānti-kārakam ॥",Lying down on the ground like a corpse is called Śhavāsana. It removes fatigue and gives rest to the mind.,Shavasana corrects which issue of body?,शवासन किस अवस्था को ठीक करने के लिए करना चाहिए?,Shavasana or Corpse Pose is recommended for High Blood Pressure as it induces deep relaxation.,"उच्च रक्तचाप ठीक करने के लिए शवासन का सुझाव दिया जाता है क्योंकि यह गहरा विश्राम प्रदान करता है। इसे करने के लिए, पीठ के बल सीधे लेट जाएं, आंखें बंद रखें, बिल्कुल स्थिर रहें और स्वाभाविक रूप से सांस लें। यह थके हुए शरीर को आराम देने का सबसे कारगर तरीका है।",https://gyanbharatam.com/manuscript/view?id=9f06fbc7-3682 4966-8d7c-8fb86aaa0275,,,,,,,,,,,
7,34,Hatha Yoga Pradīpikā,"उत्तानं शव-वद् भूमौ शयनं तच् छवासनम् ।
शवासनं श्रान्ति-हरं चित्त-विश्रान्ति-कारकम् ॥","uttānaṁ śhava-vad bhūmau śhayanaṁ tac chavāsanam ।
śhavāsanaṁ śhrānti-haraṁ chitta-viśhrānti-kārakam ॥",Lying down on the ground like a corpse is called Śhavāsana. It removes fatigue and gives rest to the mind.,How to do Shavasana?,शवासन कैसे करते हैं?,Shavasana or Corpse Pose is recommended for High Blood Pressure as it induces deep relaxation.,"उच्च रक्तचाप ठीक करने के लिए शवासन का सुझाव दिया जाता है क्योंकि यह गहरा विश्राम प्रदान करता है। इसे करने के लिए, पीठ के बल सीधे लेट जाएं, आंखें बंद रखें, बिल्कुल स्थिर रहें और स्वाभाविक रूप से सांस लें। यह थके हुए शरीर को आराम देने का सबसे कारगर तरीका है।",https://gyanbharatam.com/manuscript/view?id=9f06fbc7-3682 4966-8d7c-8fb86aaa0275,,,,,,,,,,,
7,34,Hatha Yoga Pradīpikā,"उत्तानं शव-वद् भूमौ शयनं तच् छवासनम् ।
शवासनं श्रान्ति-हरं चित्त-विश्रान्ति-कारकम् ॥","uttānaṁ śhava-vad bhūmau śhayanaṁ tac chavāsanam ।
śhavāsanaṁ śhrānti-haraṁ chitta-viśhrānti-kārakam ॥",Lying down on the ground like a corpse is called Śhavāsana. It removes fatigue and gives rest to the mind.,How to correct High Blood Pressure?,उच्च रक्तचाप कैसे ठीक करें?,Shavasana or Corpse Pose is recommended for High Blood Pressure as it induces deep relaxation.,"उच्च रक्तचाप ठीक करने के लिए शवासन का सुझाव दिया जाता है क्योंकि यह गहरा विश्राम प्रदान करता है। इसे करने के लिए, पीठ के बल सीधे लेट जाएं, आंखें बंद रखें, बिल्कुल स्थिर रहें और स्वाभाविक रूप से सांस लें। यह थके हुए शरीर को आराम देने का सबसे कारगर तरीका है।",https://gyanbharatam.com/manuscript/view?id=9f06fbc7-3682 4966-8d7c-8fb86aaa0275,,,,,,,,,,,
7,34,Hatha Yoga Pradīpikā,"उत्तानं शव-वद् भूमौ शयनं तच् छवासनम् ।
शवासनं श्रान्ति-हरं चित्त-विश्रान्ति-कारकम् ॥","uttānaṁ śhava-vad bhūmau śhayanaṁ tac chavāsanam ।
śhavāsanaṁ śhrānti-haraṁ chitta-viśhrānti-kārakam ॥",Lying down on the ground like a corpse is called Śhavāsana. It removes fatigue and gives rest to the mind.,Which asana is recommended for High Blood Pressure?,हाई ब्लड प्रेशर ठीक करने के लिए किस आसन का सुझाव दिया गया है?,Shavasana or Corpse Pose is recommended for High Blood Pressure as it induces deep relaxation.,"उच्च रक्तचाप ठीक करने के लिए शवासन का सुझाव दिया जाता है क्योंकि यह गहरा विश्राम प्रदान करता है। इसे करने के लिए, पीठ के बल सीधे लेट जाएं, आंखें बंद रखें, बिल्कुल स्थिर रहें और स्वाभाविक रूप से सांस लें। यह थके हुए शरीर को आराम देने का सबसे कारगर तरीका है।",https://gyanbharatam.com/manuscript/view?id=9f06fbc7-3682 4966-8d7c-8fb86aaa0275,,,,,,,,,,,
7,34,Hatha Yoga Pradīpikā,"उत्तानं शव-वद् भूमौ शयनं तच् छवासनम् ।
शवासनं श्रान्ति-हरं चित्त-विश्रान्ति-कारकम् ॥","uttānaṁ śhava-vad bhūmau śhayanaṁ tac chavāsanam ।
śhavāsanaṁ śhrānti-haraṁ chitta-viśhrānti-kārakam ॥",Lying down on the ground like a corpse is called Śhavāsana. It removes fatigue and gives rest to the mind.,Which asana is recommended to reduce High Blood Pressure?,हाई ब्लड प्रेशर ठीक करने के लिए कौन सा आसन करना चाहिए?,Shavasana or Corpse Pose is recommended for High Blood Pressure as it induces deep relaxation.,"उच्च रक्तचाप ठीक करने के लिए शवासन का सुझाव दिया जाता है क्योंकि यह गहरा विश्राम प्रदान करता है। इसे करने के लिए, पीठ के बल सीधे लेट जाएं, आंखें बंद रखें, बिल्कुल स्थिर रहें और स्वाभाविक रूप से सांस लें। यह थके हुए शरीर को आराम देने का सबसे कारगर तरीका है।",https://gyanbharatam.com/manuscript/view?id=9f06fbc7-3682 4966-8d7c-8fb86aaa0275,,,,,,,,,,,
7,34,Hatha Yoga Pradīpikā,"उत्तानं शव-वद् भूमौ शयनं तच् छवासनम् ।
शवासनं श्रान्ति-हरं चित्त-विश्रान्ति-कारकम् ॥","uttānaṁ śhava-vad bhūmau śhayanaṁ tac chavāsanam ।
śhavāsanaṁ śhrānti-haraṁ chitta-viśhrānti-kārakam ॥",Lying down on the ground like a corpse is called Śhavāsana. It removes fatigue and gives rest to the mind.,How to correct High Blood Pressure?,हाई ब्लड प्रेशर कैसे ठीक करें?,Shavasana or Corpse Pose is recommended for High Blood Pressure as it induces deep relaxation.,"उच्च रक्तचाप ठीक करने के लिए शवासन का सुझाव दिया जाता है क्योंकि यह गहरा विश्राम प्रदान करता है। इसे करने के लिए, पीठ के बल सीधे लेट जाएं, आंखें बंद रखें, बिल्कुल स्थिर रहें और स्वाभाविक रूप से सांस लें। यह थके हुए शरीर को आराम देने का सबसे कारगर तरीका है।",https://gyanbharatam.com/manuscript/view?id=9f06fbc7-3682 4966-8d7c-8fb86aaa0275,,,,,,,,,,,
7,34,Hatha Yoga Pradīpikā,"उत्तानं शव-वद् भूमौ शयनं तच् छवासनम् ।
शवासनं श्रान्ति-हरं चित्त-विश्रान्ति-कारकम् ॥","uttānaṁ śhava-vad bhūmau śhayanaṁ tac chavāsanam ।
śhavāsanaṁ śhrānti-haraṁ chitta-viśhrānti-kārakam ॥",Lying down on the ground like a corpse is called Śhavāsana. It removes fatigue and gives rest to the mind.,Which asana is recommended for High BP?,हाई बीपी ठीक करने के लिए किस आसन का सुझाव दिया गया है?,Shavasana or Corpse Pose is recommended for High Blood Pressure as it induces deep relaxation.,"उच्च रक्तचाप ठीक करने के लिए शवासन का सुझाव दिया जाता है क्योंकि यह गहरा विश्राम प्रदान करता है। इसे करने के लिए, पीठ के बल सीधे लेट जाएं, आंखें बंद रखें, बिल्कुल स्थिर रहें और स्वाभाविक रूप से सांस लें। यह थके हुए शरीर को आराम देने का सबसे कारगर तरीका है।",https://gyanbharatam.com/manuscript/view?id=9f06fbc7-3682 4966-8d7c-8fb86aaa0275,,,,,,,,,,,
7,34,Hatha Yoga Pradīpikā,"उत्तानं शव-वद् भूमौ शयनं तच् छवासनम् ।
शवासनं श्रान्ति-हरं चित्त-विश्रान्ति-कारकम् ॥","uttānaṁ śhava-vad bhūmau śhayanaṁ tac chavāsanam ।
śhavāsanaṁ śhrānti-haraṁ chitta-viśhrānti-kārakam ॥",Lying down on the ground like a corpse is called Śhavāsana. It removes fatigue and gives rest to the mind.,Which asana is recommended to reduce High BP?,हाई बीपी ठीक करने के लिए कौन सा आसन करना चाहिए?,Shavasana or Corpse Pose is recommended for High Blood Pressure as it induces deep relaxation.,"उच्च रक्तचाप ठीक करने के लिए शवासन का सुझाव दिया जाता है क्योंकि यह गहरा विश्राम प्रदान करता है। इसे करने के लिए, पीठ के बल सीधे लेट जाएं, आंखें बंद रखें, बिल्कुल स्थिर रहें और स्वाभाविक रूप से सांस लें। यह थके हुए शरीर को आराम देने का सबसे कारगर तरीका है।",https://gyanbharatam.com/manuscript/view?id=9f06fbc7-3682 4966-8d7c-8fb86aaa0275,,,,,,,,,,,
7,34,Hatha Yoga Pradīpikā,"उत्तानं शव-वद् भूमौ शयनं तच् छवासनम् ।
शवासनं श्रान्ति-हरं चित्त-विश्रान्ति-कारकम् ॥","uttānaṁ śhava-vad bhūmau śhayanaṁ tac chavāsanam ।
śhavāsanaṁ śhrānti-haraṁ chitta-viśhrānti-kārakam ॥",Lying down on the ground like a corpse is called Śhavāsana. It removes fatigue and gives rest to the mind.,How to correct High BP?,हाई बीपी कैसे ठीक करें?,Shavasana or Corpse Pose is recommended for High Blood Pressure as it induces deep relaxation.,"उच्च रक्तचाप ठीक करने के लिए शवासन का सुझाव दिया जाता है क्योंकि यह गहरा विश्राम प्रदान करता है। इसे करने के लिए, पीठ के बल सीधे लेट जाएं, आंखें बंद रखें, बिल्कुल स्थिर रहें और स्वाभाविक रूप से सांस लें। यह थके हुए शरीर को आराम देने का सबसे कारगर तरीका है।",https://gyanbharatam.com/manuscript/view?id=9f06fbc7-3682 4966-8d7c-8fb86aaa0275,,,,,,,,,,,
6,30,Hatha Yoga Pradīpikā,"प्रसार्य पादौ भुवि दण्ड-रूपौ दोर्भ्यां पदाग्र-द्वितयं गृहीत्वा ।
जानूपरिन्यस्त-ललाट-देशो वसेद् इदं पश्चिमतानम् आहुः ॥","prasārya pādau bhuvi daṇḍa-rūpau dorbhyāṁ padāgra-dvitayaṁ gṛhītvā ।
jānūparinyasta-lalāta-deśo vased idaṁ paścimatānam āhuḥ ॥","Stretching both legs straight like a stick and grasping the toes with the hands, placing the forehead on the knees, is called Paschimottanasana.",Which asana is recommended for relieving Tension?,तनाव  ठीक करने के लिए किस आसन का सुझाव दिया गया है?,Paschimottanasana or Seated Forward Bend is recommended for relieving tension.,तनाव दूर करने के लिए पश्चिमोत्तानासन का सुझाव दिया जाता है। इसे करने के लिए व्यक्ति को अपने पैरों को जमीन पर एक छड़ी की तरह सीधा फैलाना चाहिए और अपने हाथों से अपने पैर की उंगलियों को पकड़ना चाहिए और अपने माथे को अपने घुटनों पर रखना चाहिए।,https://gyanbharatam.com/manuscript/view?id=9f06fbc7-3682 4966-8d7c-8fb86aaa0275,,,,,,,,,,,
6,30,Hatha Yoga Pradīpikā,"प्रसार्य पादौ भुवि दण्ड-रूपौ दोर्भ्यां पदाग्र-द्वितयं गृहीत्वा ।
जानूपरिन्यस्त-ललाट-देशो वसेद् इदं पश्चिमतानम् आहुः ॥","prasārya pādau bhuvi daṇḍa-rūpau dorbhyāṁ padāgra-dvitayaṁ gṛhītvā ।
jānūparinyasta-lalāta-deśo vased idaṁ paścimatānam āhuḥ ॥","Stretching both legs straight like a stick and grasping the toes with the hands, placing the forehead on the knees, is called Paschimottanasana.",Which asana is recommended to reduce Tension?,तनाव  ठीक करने के लिए कौन सा आसन करना चाहिए?,Paschimottanasana or Seated Forward Bend is recommended for relieving tension.,तनाव दूर करने के लिए पश्चिमोत्तानासन का सुझाव दिया जाता है। इसे करने के लिए व्यक्ति को अपने पैरों को जमीन पर एक छड़ी की तरह सीधा फैलाना चाहिए और अपने हाथों से अपने पैर की उंगलियों को पकड़ना चाहिए और अपने माथे को अपने घुटनों पर रखना चाहिए।,https://gyanbharatam.com/manuscript/view?id=9f06fbc7-3682 4966-8d7c-8fb86aaa0275,,,,,,,,,,,
6,30,Hatha Yoga Pradīpikā,"प्रसार्य पादौ भुवि दण्ड-रूपौ दोर्भ्यां पदाग्र-द्वितयं गृहीत्वा ।
जानूपरिन्यस्त-ललाट-देशो वसेद् इदं पश्चिमतानम् आहुः ॥","prasārya pādau bhuvi daṇḍa-rūpau dorbhyāṁ padāgra-dvitayaṁ gṛhītvā ।
jānūparinyasta-lalāta-deśo vased idaṁ paścimatānam āhuḥ ॥","Stretching both legs straight like a stick and grasping the toes with the hands, placing the forehead on the knees, is called Paschimottanasana.",How to correct Tension issue?,तनाव  कैसे ठीक करें?,Paschimottanasana or Seated Forward Bend is recommended for relieving tension.,तनाव दूर करने के लिए पश्चिमोत्तानासन का सुझाव दिया जाता है। इसे करने के लिए व्यक्ति को अपने पैरों को जमीन पर एक छड़ी की तरह सीधा फैलाना चाहिए और अपने हाथों से अपने पैर की उंगलियों को पकड़ना चाहिए और अपने माथे को अपने घुटनों पर रखना चाहिए।,https://gyanbharatam.com/manuscript/view?id=9f06fbc7-3682 4966-8d7c-8fb86aaa0275,,,,,,,,,,,
6,30,Hatha Yoga Pradīpikā,"प्रसार्य पादौ भुवि दण्ड-रूपौ दोर्भ्यां पदाग्र-द्वितयं गृहीत्वा ।
जानूपरिन्यस्त-ललाट-देशो वसेद् इदं पश्चिमतानम् आहुः ॥","prasārya pādau bhuvi daṇḍa-rūpau dorbhyāṁ padāgra-dvitayaṁ gṛhītvā ।
jānūparinyasta-lalāta-deśo vased idaṁ paścimatānam āhuḥ ॥","Stretching both legs straight like a stick and grasping the toes with the hands, placing the forehead on the knees, is called Paschimottanasana.",What happens by performing Paschimottanasana?,पश्चिमोत्तानासन करने से क्या होता है?,Paschimottanasana or Seated Forward Bend is recommended for relieving tension.,तनाव दूर करने के लिए पश्चिमोत्तानासन का सुझाव दिया जाता है। इसे करने के लिए व्यक्ति को अपने पैरों को जमीन पर एक छड़ी की तरह सीधा फैलाना चाहिए और अपने हाथों से अपने पैर की उंगलियों को पकड़ना चाहिए और अपने माथे को अपने घुटनों पर रखना चाहिए।,https://gyanbharatam.com/manuscript/view?id=9f06fbc7-3682 4966-8d7c-8fb86aaa0275,,,,,,,,,,,
6,30,Hatha Yoga Pradīpikā,"प्रसार्य पादौ भुवि दण्ड-रूपौ दोर्भ्यां पदाग्र-द्वितयं गृहीत्वा ।
जानूपरिन्यस्त-ललाट-देशो वसेद् इदं पश्चिमतानम् आहुः ॥","prasārya pādau bhuvi daṇḍa-rūpau dorbhyāṁ padāgra-dvitayaṁ gṛhītvā ।
jānūparinyasta-lalāta-deśo vased idaṁ paścimatānam āhuḥ ॥","Stretching both legs straight like a stick and grasping the toes with the hands, placing the forehead on the knees, is called Paschimottanasana.",What is benifit of Paschimottanasana?,पश्चिमोत्तानासन करने का क्या लाभ है?,Paschimottanasana or Seated Forward Bend is recommended for relieving tension.,तनाव दूर करने के लिए पश्चिमोत्तानासन का सुझाव दिया जाता है। इसे करने के लिए व्यक्ति को अपने पैरों को जमीन पर एक छड़ी की तरह सीधा फैलाना चाहिए और अपने हाथों से अपने पैर की उंगलियों को पकड़ना चाहिए और अपने माथे को अपने घुटनों पर रखना चाहिए।,https://gyanbharatam.com/manuscript/view?id=9f06fbc7-3682 4966-8d7c-8fb86aaa0275,,,,,,,,,,,
6,30,Hatha Yoga Pradīpikā,"प्रसार्य पादौ भुवि दण्ड-रूपौ दोर्भ्यां पदाग्र-द्वितयं गृहीत्वा ।
जानूपरिन्यस्त-ललाट-देशो वसेद् इदं पश्चिमतानम् आहुः ॥","prasārya pādau bhuvi daṇḍa-rūpau dorbhyāṁ padāgra-dvitayaṁ gṛhītvā ।
jānūparinyasta-lalāta-deśo vased idaṁ paścimatānam āhuḥ ॥","Stretching both legs straight like a stick and grasping the toes with the hands, placing the forehead on the knees, is called Paschimottanasana.",Paschimottanasana corrects which issue of body?,पश्चिमोत्तानासन किस अवस्था को ठीक करने के लिए करना चाहिए?,Paschimottanasana or Seated Forward Bend is recommended for relieving tension.,तनाव दूर करने के लिए पश्चिमोत्तानासन का सुझाव दिया जाता है। इसे करने के लिए व्यक्ति को अपने पैरों को जमीन पर एक छड़ी की तरह सीधा फैलाना चाहिए और अपने हाथों से अपने पैर की उंगलियों को पकड़ना चाहिए और अपने माथे को अपने घुटनों पर रखना चाहिए।,https://gyanbharatam.com/manuscript/view?id=9f06fbc7-3682 4966-8d7c-8fb86aaa0275,,,,,,,,,,,
6,30,Hatha Yoga Pradīpikā,"प्रसार्य पादौ भुवि दण्ड-रूपौ दोर्भ्यां पदाग्र-द्वितयं गृहीत्वा ।
जानूपरिन्यस्त-ललाट-देशो वसेद् इदं पश्चिमतानम् आहुः ॥","prasārya pādau bhuvi daṇḍa-rūpau dorbhyāṁ padāgra-dvitayaṁ gṛhītvā ।
jānūparinyasta-lalāta-deśo vased idaṁ paścimatānam āhuḥ ॥","Stretching both legs straight like a stick and grasping the toes with the hands, placing the forehead on the knees, is called Paschimottanasana.",How to do Paschimottanasana?,पश्चिमोत्तानासन कैसे करते हैं?,Paschimottanasana or Seated Forward Bend is recommended for relieving tension.,तनाव दूर करने के लिए पश्चिमोत्तानासन का सुझाव दिया जाता है। इसे करने के लिए व्यक्ति को अपने पैरों को जमीन पर एक छड़ी की तरह सीधा फैलाना चाहिए और अपने हाथों से अपने पैर की उंगलियों को पकड़ना चाहिए और अपने माथे को अपने घुटनों पर रखना चाहिए।,https://gyanbharatam.com/manuscript/view?id=9f06fbc7-3682 4966-8d7c-8fb86aaa0275,,,,,,,,,,,
7,34,Hatha Yoga Pradīpikā,"उत्तानं शव-वद् भूमौ शयनं तच् छवासनम् ।
शवासनं श्रान्ति-हरं चित्त-विश्रान्ति-कारकम् ॥","uttānaṁ śhava-vad bhūmau śhayanaṁ tac chavāsanam ।
śhavāsanaṁ śhrānti-haraṁ chitta-viśhrānti-kārakam ॥",Lying down on the ground like a corpse is called Śhavāsana. It removes fatigue and gives rest to the mind.,Which asana is beneficial for psychosomatic diseases?,मनोदैहिक रोगों के लिए कौन सा आसन लाभकारी है?,Shavasana is beneficial as it harmonizes the mind and body connection.,"इसके लिए शवासन लाभकारी है क्योंकि यह मन और शरीर के संबंध को संतुलित करता है। इसे करने के लिए, पीठ के बल सीधे लेट जाएं, आंखें बंद रखें, बिल्कुल स्थिर रहें और स्वाभाविक रूप से सांस लें। यह थके हुए शरीर को आराम देने का सबसे कारगर तरीका है।",https://gyanbharatam.com/manuscript/view?id=9f06fbc7-3682 4966-8d7c-8fb86aaa0275,,,,,,,,,,,
7,32,Hatha Yoga Pradīpikā,"धराम अवष्टभ्य कर-द्वयेन तत्-कूर्पर-स्थापित-नाभि-पार्श्वः ।
उच्चासनो दण्ड-वद् उत्थितः खे मायूरम् एतत् प्रवदन्ति पीठम् ॥","dharām avaṣhtabhya kara-dvayena tat-kūrpara-sthāpita-nābhi-pārśvaḥ ।
uccāsano daṇḍa-vad utthitaḥ khe māyūram etat pravadanti pītham ॥","Holding the ground with both hands, placing the sides of the navel on the elbows, and raising the body high like a stick in the air is called Mayurasana.",Which asana is recommended for Constipation?,कब्ज के लिए किस आसन का सुझाव दिया गया है?,Mayurasana (Peacock Pose) is recommended to treat constipation.,कब्ज के इलाज के लिए मयूरासन का सुझाव दिया जाता है। इसे करने के लिए हथेलियों को जमीन पर रखें और कोहनियों से नाभि के किनारों को सहारा दें। फिर शरीर को क्षैतिज छड़ी की तरह हवा में उठाएं।,https://gyanbharatam.com/manuscript/view?id=9f06fbc7-3682 4966-8d7c-8fb86aaa0275,,,,,,,,,,,
6,30,Hatha Yoga Pradīpikā,"प्रसार्य पादौ भुवि दण्ड-रूपौ दोर्भ्यां पदाग्र-द्वितयं गृहीत्वा ।
जानूपरिन्यस्त-ललाट-देशो वसेद् इदं पश्चिमतानम् आहुः ॥","prasārya pādau bhuvi daṇḍa-rūpau dorbhyāṁ padāgra-dvitayaṁ gṛhītvā ।
jānūparinyasta-lalāta-deśo vased idaṁ paścimatānam āhuḥ ॥","Stretching both legs straight like a stick and grasping the toes with the hands, placing the forehead on the knees, is called Paschimottanasana.",Which asana helps relieve Constipation?,कब्ज से राहत दिलाने में कौन सा आसन मदद करता है?,Paschimottanasana stimulates gastric fire and helps with constipation.,पश्चिमोत्तानासन जठराग्नि को उत्तेजित करता है और कब्ज में मदद करता है। इसे करने के लिए व्यक्ति को अपने पैरों को जमीन पर एक छड़ी की तरह सीधा फैलाना चाहिए और अपने हाथों से अपने पैर की उंगलियों को पकड़ना चाहिए और अपने माथे को अपने घुटनों पर रखना चाहिए।,https://gyanbharatam.com/manuscript/view?id=9f06fbc7-3682 4966-8d7c-8fb86aaa0275,,,,,,,,,,,
6,28-29,Hatha Yoga Pradīpikā,"वामोरु मूलार्पित दक्ष्ह पादं
जानोर्बहिर्वेष्ह्टित वाम पादम ।
परगॄह्य तिष्ह्ठेत्परिवर्तिताङ्गः
शरी मत्य्सनाथोदितमासनं सयात ॥
मत्स्येन्द्र पीठं जठर परदीप्तिं
परछण्ड रुग्मण्डल खण्डनास्त्रम ।
अभ्यासतः कुण्डलिनी परबोधं
छन्द्र सथिरत्वं छ ददाति पुंसाम ॥","vāmoru mūlārpita dakṣha pādaṃ
jānorbahirveṣhtita vāma pādama ।
paragṝhya tiṣhthetparivartitāṅgaḥ
śarī matysanāthoditamāsanaṃ sayāta ॥
""matsyendra pīthaṃ jathara paradīptiṃ
parachaṇḍa rugmaṇḍala khaṇḍanāstrama ।
abhyāsataḥ kuṇḍalinī parabodhaṃ
chandra sathiratvaṃ cha dadāti puṃsāma ॥","Placing the right foot at the root of the left thigh, and twisting the body to hold the foot, is the Asana taught by Sri Matsyendranath.",Which asana is good for Constipation?,कब्ज के लिए कौन सा आसन अच्छा है?,Matsyendrasana helps squeeze out stagnant blood and cures constipation.,"मत्स्येन्द्रासन रुका हुआ रक्त बाहर निकालने में मदद करता है और कब्ज को ठीक करता है। इसे करने के लिए बाएँ पैर की जांघ के पास दाएँ पैर को रखें, और शरीर को घुमाकर उस पैर को पकड़ें। ",https://gyanbharatam.com/manuscript/view?id=9f06fbc7-3682 4966-8d7c-8fb86aaa0275,,,,,,,,,,,
6,27,Hatha Yoga Pradīpikā,"पादाङ्गुष्ह्ठौ तु पाणिभ्यां गॄहीत्वा शरवणावधि ।
 धनुराकर्ष्हणं कुर्याद्धनुर आसनमुछ्यते ॥","pādayoḥ aṅguṣhthau tu pāṇibhyāṁ gṛhītvā śravaṇāvadhi ।
dhanur-ākarṣaṇaṁ kuryād dhanur-āsanam ucyate ॥",Holding the big toes with the hands and pulling them up to the ears like a bow is called Dhanurasana.,Which asana cures Constipation?,कौन सा आसन कब्ज को ठीक करता है?,Dhanurasana or Bow Pose improves digestion and cures constipation.,"धनुरासन पाचन में सुधार करता है और कब्ज को ठीक करता है। इसे करने के लिए हाथों से पैरों के अंगूठों को पकड़कर, उन्हें धनुष की तरह कानों तक खींचें ।",https://gyanbharatam.com/manuscript/view?id=9f06fbc7-3682 4966-8d7c-8fb86aaa0275,,,,,,,,,,,
7,32,Hatha Yoga Pradīpikā,"धराम अवष्टभ्य कर-द्वयेन तत्-कूर्पर-स्थापित-नाभि-पार्श्वः ।
उच्चासनो दण्ड-वद् उत्थितः खे मायूरम् एतत् प्रवदन्ति पीठम् ॥","dharām avaṣhtabhya kara-dvayena tat-kūrpara-sthāpita-nābhi-pārśvaḥ ।
uccāsano daṇḍa-vad utthitaḥ khe māyūram etat pravadanti pītham ॥","Holding the ground with both hands, placing the sides of the navel on the elbows, and raising the body high like a stick in the air is called Mayurasana.",Which asana is recommended for Digestive Disorders?,पाचन विकारों के लिए किस आसन का सुझाव दिया गया है?,Mayurasana strengthens the digestive fire and cures digestive disorders.,"मयूरासन पाचन अग्नि को मजबूत करता है और पाचन विकारों को ठीक करता है। इसे करने के लिए दोनों हाथों को ज़मीन पर टिकाएँ, अपनी कोहनियों को नाभि के दोनों किनारों पर रखें, और पूरे शरीर को हवा में एक डंडे की तरह ऊपर उठा लें।",https://gyanbharatam.com/manuscript/view?id=9f06fbc7-3682 4966-8d7c-8fb86aaa0275,,,,,,,,,,,
6,26,Hatha Yoga Pradīpikā,"कुक्कुटासन बन्ध सथो दोर्भ्यां सम्बद्य कन्धराम ।
भवेद्कूर्मवदुत्तान एतदुत्तान कूर्मकम ॥","kukkutāsana-bandha-stho dorbhyāṁ sambadhya kandherām ।
bhavet kūrma-vad uttāna etad uttāna-kūrmakam ॥","Assuming the Kukkutasana lock and winding the arms around the neck, lying on the back like a tortoise, is called Uttana Kurmasana.",Which asana is beneficial for Digestive Disorders?,पाचन विकारों के लिए कौन सा आसन लाभकारी है?,Uttana Kurmasana is recommended for digestive balance.,"पाचन संतुलन के लिए उत्तान कूर्मासन का सुझाव दिया जाता है। इसे करने के लिए कुक्कुटासन की मुद्रा बनाकर, अपनी भुजाओं (हाथों) को गर्दन के चारों ओर लपेट लें और कछुए की तरह पीठ के बल लेट जाएँ।",https://gyanbharatam.com/manuscript/view?id=9f06fbc7-3682 4966-8d7c-8fb86aaa0275,,,,,,,,,,,
7,32,Hatha Yoga Pradīpikā,"धरामवष्ह्टभ्य कर दवयेन
तत कूर्पर सथापित नाभि पार्श्वः ।
उछ्छासनो दण्डवदुत्थितः खे
मायूरमेतत्प्रवदन्ति पीठम ॥","dharām avaṣhtabhya kara-dvayena tat-kūrpara-sthāpita-nābhi-pārśvaḥ ।
uccāsano daṇḍa-vad utthitaḥ khe māyūram etat pravadanti pītham ॥","Holding the ground with both hands, placing the sides of the navel on the elbows, and raising the body high like a stick in the air is called Mayurasana.",Which asana is beneficial for Diabetes?,मधुमेह के लिए कौन सा आसन लाभकारी है?,Mayurasana stimulates the abdominal organs and helps in Diabetes.,"मयूरासन पेट के अंगों को उत्तेजित करता है और मधुमेह में मदद करता है। इसे करने के लिए दोनों हाथों को ज़मीन पर टिकाएँ, अपनी कोहनियों को नाभि के दोनों किनारों पर रखें, और पूरे शरीर को हवा में एक डंडे की तरह ऊपर उठा लें।",https://gyanbharatam.com/manuscript/view?id=9f06fbc7-3682 4966-8d7c-8fb86aaa0275,,,,,,,,,,,
6,28-29,Hatha Yoga Pradīpikā,"वामोरु मूलार्पित दक्ष्ह पादं
जानोर्बहिर्वेष्ह्टित वाम पादम ।
परगॄह्य तिष्ह्ठेत्परिवर्तिताङ्गः
शरी मत्य्सनाथोदितमासनं सयात ॥
मत्स्येन्द्र पीठं जठर परदीप्तिं
परछण्ड रुग्मण्डल खण्डनास्त्रम ।
अभ्यासतः कुण्डलिनी परबोधं
छन्द्र सथिरत्वं छ ददाति पुंसाम ॥","vāmoru mūlārpita dakṣha pādaṃ
jānorbahirveṣhtita vāma pādama ।
paragṝhya tiṣhthetparivartitāṅgaḥ
śarī matysanāthoditamāsanaṃ sayāta ॥
""matsyendra pīthaṃ jathara paradīptiṃ
parachaṇḍa rugmaṇḍala khaṇḍanāstrama ।
abhyāsataḥ kuṇḍalinī parabodhaṃ
chandra sathiratvaṃ cha dadāti puṃsāma ॥","Placing the right foot at the root of the left thigh, and twisting the body to hold the foot, is the Asana taught by Sri Matsyendranath.",Which asana is helful to correct Diabetes?,मधुमेह के लिए कौन सा आसन करें?,Matsyendrasana or Spinal Twist is beneficial for Diabetes as it stimulates the pancreas.,"मत्स्येन्द्रासन मधुमेह के लिए लाभकारी है क्योंकि यह अग्न्याशय को उत्तेजित करता है। इसे करने के लिए बाएँ पैर की जांघ के पास दाएँ पैर को रखें, और शरीर को घुमाकर उस पैर को पकड़ें। ",https://gyanbharatam.com/manuscript/view?id=9f06fbc7-3682 4966-8d7c-8fb86aaa0275,,,,,,,,,,,
6,27,Hatha Yoga Pradīpikā,"पादाङ्गुष्ह्ठौ तु पाणिभ्यां गॄहीत्वा शरवणावधि ।
धनुराकर्ष्हणं कुर्याद्धनुर आसनमुछ्यते ॥","pādāṅguṣhthau tu pāṇibhyāṃ gṝhītvā śaravaṇāvadhi ।
dhanurākarṣhaṇaṃ kuryāddhanura āsanamuchyate ॥",Holding the big toes with the hands and pulling them up to the ears like a bow is called Dhanurasana.,Which asana helps in Regulating Menstrual Cycle?,मासिक धर्म चक्र को विनियमित करने में कौन सा आसन मदद करता है?,Dhanurasana helps regulate the menstrual cycle by toning pelvic organs.,"धनुरासन श्रोणि अंगों को टोन करके मासिक धर्म चक्र को विनियमित करने में मदद करता है। इसे करने के लिए हाथों से पैरों के अंगूठों को पकड़कर, उन्हें धनुष की तरह कानों तक खींचें ।",https://gyanbharatam.com/manuscript/view?id=9f06fbc7-3682 4966-8d7c-8fb86aaa0275,,,,,,,,,,,
6,30,Hatha Yoga Pradīpikā,"प्रसार्य पादौ भुवि दण्ड-रूपौ दोर्भ्यां पदाग्र-द्वितयं गृहीत्वा ।
जानूपरिन्यस्त-ललाट-देशो वसेद् इदं पश्चिमतानम् आहुः ॥","prasārya pādau bhuvi daṇḍa-rūpau dorbhyāṁ padāgra-dvitayaṁ gṛhītvā ।
jānūparinyasta-lalāta-deśo vased idaṁ paścimatānam āhuḥ ॥","Stretching both legs straight like a stick and grasping the toes with the hands, placing the forehead on the knees, is called Paschimottanasana.",Which asana is best for Belly Fat Reduction?,पेट की चर्बी कम करने के लिए कौन सा आसन सबसे अच्छा है?,Paschimottanasana is explicitly stated to make the loins lean.,पश्चिमोत्तानासन को स्पष्ट रूप से कमर को पतला करने वाला बताया गया है। इसे करने के लिए व्यक्ति को अपने पैरों को जमीन पर एक छड़ी की तरह सीधा फैलाना चाहिए और अपने हाथों से अपने पैर की उंगलियों को पकड़ना चाहिए और अपने माथे को अपने घुटनों पर रखना चाहिए।,https://gyanbharatam.com/manuscript/view?id=9f06fbc7-3682 4966-8d7c-8fb86aaa0275,,,,,,,,,,,
5,24,Hatha Yoga Pradīpikā,"गुदं निरुध्य गुल्फाभ्यां वयुत्क्रमेण समाहितः ।
कूर्मासनं भवेदेतदिति योग विदो विदुः ॥","gudaṃ nirudhya gulphābhyāṃ vayutkrameṇa samāhitaḥ ।
kūrmāsanaṃ bhavedetaditi yoga vido viduḥ ॥",Pressing the anus with the ankles in a reverse manner and sitting calmly is known as Kurmasana by the knowers of Yoga.,Which asana helps with Urinary Disorders?,मूत्र विकारों में कौन सा आसन मदद करता है?,Kurmasana or Tortoise Pose helps with urinary disorders.,"कूर्मासन मूत्र विकारों में मदद करता है। इसे करने के लिए, एड़ियों को श्रोणि क्षेत्र के नीचे क्रॉस करके, पेरिनियल क्षेत्र पर मजबूती से दबाना चाहिए। इस आसन को कछुआ आसन के नाम से जाना जाता है।",https://gyanbharatam.com/manuscript/view?id=9f06fbc7-3682 4966-8d7c-8fb86aaa0275,,,,,,,,,,,
6,28-29,Hatha Yoga Pradīpikā,"वामोरु मूलार्पित दक्ष्ह पादं
जानोर्बहिर्वेष्ह्टित वाम पादम ।
परगॄह्य तिष्ह्ठेत्परिवर्तिताङ्गः
शरी मत्य्सनाथोदितमासनं सयात ॥
मत्स्येन्द्र पीठं जठर परदीप्तिं
परछण्ड रुग्मण्डल खण्डनास्त्रम ।
अभ्यासतः कुण्डलिनी परबोधं
छन्द्र सथिरत्वं छ ददाति पुंसाम ॥","vāmoru mūlārpita dakṣha pādaṃ
jānorbahirveṣhtita vāma pādama ।
paragṝhya tiṣhthetparivartitāṅgaḥ
śarī matysanāthoditamāsanaṃ sayāta ॥
""matsyendra pīthaṃ jathara paradīptiṃ
parachaṇḍa rugmaṇḍala khaṇḍanāstrama ।
abhyāsataḥ kuṇḍalinī parabodhaṃ
chandra sathiratvaṃ cha dadāti puṃsāma ॥","Placing the right foot at the root of the left thigh, and twisting the body to hold the foot, is the Asana taught by Sri Matsyendranath.",Which asana is recommended for Rheumatism?,गठिया के लिए किस आसन का सुझाव दिया गया है?,Matsyendrasana increases digestive fire which helps remove toxins causing rheumatism.,"मत्स्येन्द्रासन पाचन अग्नि को बढ़ाता है जो गठिया पैदा करने वाले विषाक्त पदार्थों को हटाने में मदद करता है। इसे करने के लिए बाएँ पैर की जांघ के पास दाएँ पैर को रखें, और शरीर को घुमाकर उस पैर को पकड़ें। ",https://gyanbharatam.com/manuscript/view?id=9f06fbc7-3682 4966-8d7c-8fb86aaa0275,,,,,,,,,,,
6,28-29,Hatha Yoga Pradīpikā,"वामोरु मूलार्पित दक्ष्ह पादं
जानोर्बहिर्वेष्ह्टित वाम पादम ।
परगॄह्य तिष्ह्ठेत्परिवर्तिताङ्गः
शरी मत्य्सनाथोदितमासनं सयात ॥
मत्स्येन्द्र पीठं जठर परदीप्तिं
परछण्ड रुग्मण्डल खण्डनास्त्रम ।
अभ्यासतः कुण्डलिनी परबोधं
छन्द्र सथिरत्वं छ ददाति पुंसाम ॥","vāmoru mūlārpita dakṣha pādaṃ
jānorbahirveṣhtita vāma pādama ।
paragṝhya tiṣhthetparivartitāṅgaḥ
śarī matysanāthoditamāsanaṃ sayāta ॥
""matsyendra pīthaṃ jathara paradīptiṃ
parachaṇḍa rugmaṇḍala khaṇḍanāstrama ।
abhyāsataḥ kuṇḍalinī parabodhaṃ
chandra sathiratvaṃ cha dadāti puṃsāma ॥","Placing the right foot at the root of the left thigh, and twisting the body to hold the foot, is the Asana taught by Sri Matsyendranath.",Which asana helps with Slipped Disc?,छाती के रोगों में कौन सा आसन मदद करता है?,Matsyendrasana strengthens the spine and helps with slipped disc.,"मत्स्येन्द्रासन रीढ़ को मजबूत करता है और स्लिप्ड डिस्क में मदद करता है (सावधानीपूर्वक अभ्यास करें)। इसे करने के लिए बाएँ पैर की जांघ के पास दाएँ पैर को रखें, और शरीर को घुमाकर उस पैर को पकड़ें। ",https://gyanbharatam.com/manuscript/view?id=9f06fbc7-3682 4966-8d7c-8fb86aaa0275,,,,,,,,,,,
6,27,Hatha Yoga Pradīpikā,"पादाङ्गुष्ह्ठौ तु पाणिभ्यां गॄहीत्वा शरवणावधि ।
धनुराकर्ष्हणं कुर्याद्धनुर आसनमुछ्यते ॥","pādayoḥ aṅguṣhthau tu pāṇibhyāṁ gṛhītvā śravaṇāvadhi ।
dhanur-ākarṣaṇaṁ kuryād dhanur-āsanam ucyate ॥",Holding the big toes with the hands and pulling them up to the ears like a bow is called Dhanurasana.,Which asana helps with Chest Ailments?,,Dhanurasana expands the chest and helps with chest ailments.,"धनुरासन छाती का विस्तार करता है और छाती के रोगों में मदद करता है। इसे करने के लिए हाथों से पैरों के अंगूठों को पकड़कर, उन्हें धनुष की तरह कानों तक खींचें ।",https://gyanbharatam.com/manuscript/view?id=9f06fbc7-3682 4966-8d7c-8fb86aaa0275,,,,,,,,,,,
10,52,Hatha Yoga Pradīpikā,"अथ सिंहासनम
गुल्फौ छ वॄष्हणस्याधः सीवन्त्याः पार्श्वयोः कष्हिपेत ।
दक्ष्हिणे सव्य गुल्फं तु दक्ष्ह गुल्फं तु सव्यके ॥","atha siṃhāsanam
ghulphau cha vṝṣhaṇasyādhaḥ sīvantyāḥ pārśvayoḥ kṣhipet ।
dakṣhiṇe savya ghulphaṃ tu dakṣha ghulphaṃ tu savyake ॥","Placing the ankles below the scrotum, hands on knees with fingers spread, mouth open, gazing at the nose tip is Simhasana.",Which asana is beneficial for Thyroid issues?,थायराइड की समस्याओं के लिए कौन सा आसन लाभकारी है?,Simhasana or Lion Pose stretches the neck and benefits the thyroid.,"सिंहासन गर्दन को खींचता है और थायराइड को लाभ पहुंचाता है। इसे करने के लिए अपनी एड़ियों को शरीर के मध्य भाग के नीचे रखें, हाथों को घुटनों पर रखकर उंगलियाँ फैला लें, मुँह खुला रखें और अपनी नज़र नाक की नोक पर टिकाएँ। ",https://gyanbharatam.com/manuscript/view?id=9f06fbc7-3682 4966-8d7c-8fb86aaa0275,,,,,,,,,,,
6,26,Hatha Yoga Pradīpikā,कुक्कुटासन बन्ध सथो दोर्भ्यां सम्बद्य कन्धराम । भवेद्कूर्मवदुत्तान एतदुत्तान कूर्मकम ॥,"kukkutāsana bandha satho dorbhyāṃ sambadya kandharāma ।
bhavedkūrmavaduttāna etaduttāna kūrmakama ॥","Assuming the Kukkutasana lock and winding the arms around the neck, lying on the back like a tortoise, is called Uttana Kurmasana.",Which asana is recommended for Nervous Disorders?,तंत्रिका विकारों के लिए किस आसन का सुझाव दिया गया है?,Uttana Kurmasana is recommended for nervous disorders.,"तंत्रिका विकारों के लिए उत्तान कूर्मासन का सुझाव दिया जाता है। इसे करने के लिए कुक्कुटासन की मुद्रा बनाकर, अपनी भुजाओं (हाथों) को गर्दन के चारों ओर लपेट लें और कछुए की तरह पीठ के बल लेट जाएँ।",https://gyanbharatam.com/manuscript/view?id=9f06fbc7-3682 4966-8d7c-8fb86aaa0275,,,,,,,,,,,
9,46,Hatha Yoga Pradīpikā,"अथ पद्मासनम
वामोरूपरि दक्ष्हिणं छ छरणं संस्थाप्य वामं तथा
दक्ष्होरूपरि पश्छिमेन विधिना धॄत्वा कराभ्यां दॄढम ।
अङ्गुष्ह्ठौ हॄदये निधाय छिबुकं नासाग्रमालोकयेत
एतद्व्याधि विनाश कारि यमिनां पद्मासनं परोछ्यते ॥","atha padmāsanam
vāmorūpari dakṣhiṇaṃ cha charaṇaṃ saṃsthāpya vāmaṃ tathā
dakṣhorūpari paśchimena vidhinā dhṝtvā karābhyāṃ dṝḍham ।
angghuṣhthau hṝdaye nidhāya chibukaṃ nāsāghramālokayet
etadvyādhi vināśa kāri yamināṃ padmāsanaṃ prochyate ॥ 46 ॥","Placing the right foot on the left thigh and the left foot on the right thigh, crossing hands behind the back to hold the toes, chin on chest, gaze at nose tip. This Padmasana destroys all diseases.",Which asana is recommended for Nervous Stability?,तंत्रिका विकारों के लिए किस आसन का सुझाव दिया गया है?,"Padmasana or Lotus Pose is excellent for nervous stability.
Place the right foot on the left thigh and the left foot on the right thigh, and grasp the toes with the hands crossed over the back. Press the chin against the chest and gaze on the tip of the nose. This is called the Padmaasana, the destroyer of the diseases of the Yamîs.","पद्मासन तंत्रिका स्थिरता के लिए उत्कृष्ट है। इसे करने के लिए दाएँ पैर को बाईं जांघ पर और बाएँ पैर को दाईं जांघ पर रखें, हाथों को पीठ के पीछे से ले जाकर पैरों के अंगूठों को पकड़ें, अपनी ठुड्डी को छाती से सटाएं और अपनी नज़र नाक की नोक पर टिकाएँ।",https://gyanbharatam.com/manuscript/view?id=9f06fbc7-3682 4966-8d7c-8fb86aaa0275,,,,,,,,,,,
6,26,Hatha Yoga Pradīpikā,कुक्कुटासन बन्ध सथो दोर्भ्यां सम्बद्य कन्धराम । भवेद्कूर्मवदुत्तान एतदुत्तान कूर्मकम ॥,"kukkutāsana bandha satho dorbhyāṃ sambadya kandharāma ।
bhavedkūrmavaduttāna etaduttāna kūrmakama ॥","Assuming the Kukkutasana lock and winding the arms around the neck, lying on the back like a tortoise, is called Uttana Kurmasana.",Which asana helps with Anger Management?,क्रोध प्रबंधन में कौन सा आसन मदद करता है?,Uttana Kurmasana helps calm the mind and manage anger.,"उत्तान कूर्मासन मन को शांत करने और क्रोध को प्रबंधित करने में मदद करता है। इसे करने के लिए कुक्कुटासन की मुद्रा बनाकर, अपनी भुजाओं (हाथों) को गर्दन के चारों ओर लपेट लें और कछुए की तरह पीठ के बल लेट जाएँ।",https://gyanbharatam.com/manuscript/view?id=9f06fbc7-3682 4966-8d7c-8fb86aaa0275,,,,,,,,,,,
6,25,Hatha Yoga Pradīpikā,"पद्मासनं तु संस्थाप्य जानूर्वोरन्तरे करौ ।
निवेश्य भूमौ संस्थाप्य वयोमस्थं कुक्कुटासनम ॥","padmāsanaṃ tu saṃsthāpya jānūrvorantare karau ।
niveśya bhūmau saṃsthāpya vayomasthaṃ kukkutāsanama ॥","Assuming Padmasana and inserting the hands between the thighs and knees, raising the body in the air, is Kukkutasana.",Which asana is recommended for Kundalini Awakening?,कुंडलिनी जागरण के लिए किस आसन का सुझाव दिया गया है?,"Kukkutasana or Cockerel Pose is recommended for Kundalini awakening.
To perform the Kukkutasana, one should sit in Padmasana. Then, Insert the hands between the thighs and knees and lift the body off the ground, supporting the weight of the body on their hands.","कुंडलिनी जागरण के लिए कुक्कुटासन का सुझाव दिया जाता है।
कुक्कुटासन करने के लिए, पद्मासन में बैठें। फिर, हाथों को जांघों और घुटनों के बीच रखें और शरीर को जमीन से ऊपर उठाएं, शरीर का वजन हाथों पर टिकाएं।",https://gyanbharatam.com/manuscript/view?id=9f06fbc7-3682 4966-8d7c-8fb86aaa0275,,,,,,,,,,,
5,24,Hatha Yoga Pradīpikā,"गुदं निरुध्य गुल्फाभ्यां वयुत्क्रमेण समाहितः ।
कूर्मासनं भवेदेतदिति योग विदो विदुः ॥","gudaṃ nirudhya gulphābhyāṃ vayutkrameṇa samāhitaḥ ।
kūrmāsanaṃ bhavedetaditi yoga vido viduḥ ॥",Pressing the anus with the ankles in a reverse manner and sitting calmly is known as Kurmasana by the knowers of Yoga.,Which asana helps with Back Ache?,ऊपरी पीठ की जकड़न में कौन सा आसन मदद करता है?,"Kurmasana or Tortoise Pose helps alleviate back ache.
To perform the Kurmasana, one should press their heels firmly against the perineal region, keeping them crossed beneath the pelvic area. This posture is known as the Tortoise Pose.","कूर्मासन पीठ दर्द को कम करने में मदद करता है। इसे करने के लिए, एड़ियों को श्रोणि क्षेत्र के नीचे क्रॉस करके, पेरिनियल क्षेत्र पर मजबूती से दबाना चाहिए। इस आसन को कछुआ आसन के नाम से जाना जाता है।",https://gyanbharatam.com/manuscript/view?id=9f06fbc7-3682 4966-8d7c-8fb86aaa0275,,,,,,,,,,,
5,24,Hatha Yoga Pradīpikā,"गुदं निरुध्य गुल्फाभ्यां वयुत्क्रमेण समाहितः ।
कूर्मासनं भवेदेतदिति योग विदो विदुः ॥","gudaṃ nirudhya gulphābhyāṃ vayutkrameṇa samāhitaḥ ।
kūrmāsanaṃ bhavedetaditi yoga vido viduḥ ॥",Pressing the anus with the ankles in a reverse manner and sitting calmly is known as Kurmasana by the knowers of Yoga.,Which asana is recommended for relieving Back Ache?,पीठ दर्द को ठीक करने के लिए किस आसन का सुझाव दिया गया है?,"Kurmasana or Tortoise Pose helps alleviate back ache.
To perform the Kurmasana, one should press their heels firmly against the perineal region, keeping them crossed beneath the pelvic area. This posture is known as the Tortoise Pose.","कूर्मासन पीठ दर्द को कम करने में मदद करता है। इसे करने के लिए, एड़ियों को श्रोणि क्षेत्र के नीचे क्रॉस करके, पेरिनियल क्षेत्र पर मजबूती से दबाना चाहिए। इस आसन को कछुआ आसन के नाम से जाना जाता है।",https://gyanbharatam.com/manuscript/view?id=9f06fbc7-3682 4966-8d7c-8fb86aaa0275,,,,,,,,,,,
5,24,Hatha Yoga Pradīpikā,"गुदं निरुध्य गुल्फाभ्यां वयुत्क्रमेण समाहितः ।
कूर्मासनं भवेदेतदिति योग विदो विदुः ॥","gudaṃ nirudhya gulphābhyāṃ vayutkrameṇa samāhitaḥ ।
kūrmāsanaṃ bhavedetaditi yoga vido viduḥ ॥",Pressing the anus with the ankles in a reverse manner and sitting calmly is known as Kurmasana by the knowers of Yoga.,Which asana is recommended to reduce Back Ache?,पीठ दर्द को ठीक करने के लिए कौन सा आसन करना चाहिए?,"Kurmasana or Tortoise Pose helps alleviate back ache.
To perform the Kurmasana, one should press their heels firmly against the perineal region, keeping them crossed beneath the pelvic area. This posture is known as the Tortoise Pose.","कूर्मासन पीठ दर्द को कम करने में मदद करता है। इसे करने के लिए, एड़ियों को श्रोणि क्षेत्र के नीचे क्रॉस करके, पेरिनियल क्षेत्र पर मजबूती से दबाना चाहिए। इस आसन को कछुआ आसन के नाम से जाना जाता है।",https://gyanbharatam.com/manuscript/view?id=9f06fbc7-3682 4966-8d7c-8fb86aaa0275,,,,,,,,,,,
5,24,Hatha Yoga Pradīpikā,"गुदं निरुध्य गुल्फाभ्यां वयुत्क्रमेण समाहितः ।
कूर्मासनं भवेदेतदिति योग विदो विदुः ॥","gudaṃ nirudhya gulphābhyāṃ vayutkrameṇa samāhitaḥ ।
kūrmāsanaṃ bhavedetaditi yoga vido viduḥ ॥",Pressing the anus with the ankles in a reverse manner and sitting calmly is known as Kurmasana by the knowers of Yoga.,How to correct Back Ache?,पीठ दर्द को कैसे ठीक करें?,"Kurmasana or Tortoise Pose helps alleviate back ache.
To perform the Kurmasana, one should press their heels firmly against the perineal region, keeping them crossed beneath the pelvic area. This posture is known as the Tortoise Pose.","कूर्मासन पीठ दर्द को कम करने में मदद करता है। इसे करने के लिए, एड़ियों को श्रोणि क्षेत्र के नीचे क्रॉस करके, पेरिनियल क्षेत्र पर मजबूती से दबाना चाहिए। इस आसन को कछुआ आसन के नाम से जाना जाता है।",https://gyanbharatam.com/manuscript/view?id=9f06fbc7-3682 4966-8d7c-8fb86aaa0275,,,,,,,,,,,
5,24,Hatha Yoga Pradīpikā,"गुदं निरुध्य गुल्फाभ्यां वयुत्क्रमेण समाहितः ।
कूर्मासनं भवेदेतदिति योग विदो विदुः ॥","gudaṃ nirudhya gulphābhyāṃ vayutkrameṇa samāhitaḥ ।
kūrmāsanaṃ bhavedetaditi yoga vido viduḥ ॥",Pressing the anus with the ankles in a reverse manner and sitting calmly is known as Kurmasana by the knowers of Yoga.,What happens by performing Kurmasana?,कूर्मासन करने से क्या होता है?,"Kurmasana or Tortoise Pose helps alleviate back ache.
To perform the Kurmasana, one should press their heels firmly against the perineal region, keeping them crossed beneath the pelvic area. This posture is known as the Tortoise Pose.","कूर्मासन पीठ दर्द को कम करने में मदद करता है। इसे करने के लिए, एड़ियों को श्रोणि क्षेत्र के नीचे क्रॉस करके, पेरिनियल क्षेत्र पर मजबूती से दबाना चाहिए। इस आसन को कछुआ आसन के नाम से जाना जाता है।",https://gyanbharatam.com/manuscript/view?id=9f06fbc7-3682 4966-8d7c-8fb86aaa0275,,,,,,,,,,,
5,24,Hatha Yoga Pradīpikā,"गुदं निरुध्य गुल्फाभ्यां वयुत्क्रमेण समाहितः ।
कूर्मासनं भवेदेतदिति योग विदो विदुः ॥","gudaṃ nirudhya gulphābhyāṃ vayutkrameṇa samāhitaḥ ।
kūrmāsanaṃ bhavedetaditi yoga vido viduḥ ॥",Pressing the anus with the ankles in a reverse manner and sitting calmly is known as Kurmasana by the knowers of Yoga.,What is benifit of Kurmasana?,कूर्मासन करने का क्या लाभ है?,"Kurmasana or Tortoise Pose helps alleviate back ache.
To perform the Kurmasana, one should press their heels firmly against the perineal region, keeping them crossed beneath the pelvic area. This posture is known as the Tortoise Pose.","कूर्मासन पीठ दर्द को कम करने में मदद करता है। इसे करने के लिए, एड़ियों को श्रोणि क्षेत्र के नीचे क्रॉस करके, पेरिनियल क्षेत्र पर मजबूती से दबाना चाहिए। इस आसन को कछुआ आसन के नाम से जाना जाता है।",https://gyanbharatam.com/manuscript/view?id=9f06fbc7-3682 4966-8d7c-8fb86aaa0275,,,,,,,,,,,
5,24,Hatha Yoga Pradīpikā,"गुदं निरुध्य गुल्फाभ्यां वयुत्क्रमेण समाहितः ।
कूर्मासनं भवेदेतदिति योग विदो विदुः ॥","gudaṃ nirudhya gulphābhyāṃ vayutkrameṇa samāhitaḥ ।
kūrmāsanaṃ bhavedetaditi yoga vido viduḥ ॥",Pressing the anus with the ankles in a reverse manner and sitting calmly is known as Kurmasana by the knowers of Yoga.,Kurmasana corrects which issue of body?,कूर्मासन किस अवस्था को ठीक करने के लिए करना चाहिए?,"Kurmasana or Tortoise Pose helps alleviate back ache.
To perform the Kurmasana, one should press their heels firmly against the perineal region, keeping them crossed beneath the pelvic area. This posture is known as the Tortoise Pose.","कूर्मासन पीठ दर्द को कम करने में मदद करता है। इसे करने के लिए, एड़ियों को श्रोणि क्षेत्र के नीचे क्रॉस करके, पेरिनियल क्षेत्र पर मजबूती से दबाना चाहिए। इस आसन को कछुआ आसन के नाम से जाना जाता है।",https://gyanbharatam.com/manuscript/view?id=9f06fbc7-3682 4966-8d7c-8fb86aaa0275,,,,,,,,,,,
5,24,Hatha Yoga Pradīpikā,"गुदं निरुध्य गुल्फाभ्यां वयुत्क्रमेण समाहितः ।
कूर्मासनं भवेदेतदिति योग विदो विदुः ॥","gudaṃ nirudhya gulphābhyāṃ vayutkrameṇa samāhitaḥ ।
kūrmāsanaṃ bhavedetaditi yoga vido viduḥ ॥",Pressing the anus with the ankles in a reverse manner and sitting calmly is known as Kurmasana by the knowers of Yoga.,How to do Kurmasana?,कूर्मासन कैसे करते हैं?,"Kurmasana or Tortoise Pose helps alleviate back ache.
To perform the Kurmasana, one should press their heels firmly against the perineal region, keeping them crossed beneath the pelvic area. This posture is known as the Tortoise Pose.","कूर्मासन पीठ दर्द को कम करने में मदद करता है। इसे करने के लिए, एड़ियों को श्रोणि क्षेत्र के नीचे क्रॉस करके, पेरिनियल क्षेत्र पर मजबूती से दबाना चाहिए। इस आसन को कछुआ आसन के नाम से जाना जाता है।",https://gyanbharatam.com/manuscript/view?id=9f06fbc7-3682 4966-8d7c-8fb86aaa0275,,,,,,,,,,,
5,23,Hatha Yoga Pradīpikā,"सव्ये दक्ष्हिण गुल्कं तु पॄष्ह्ठ पार्श्वे नियोजयेत ।
दक्ष्हिणे।अपि तथा सव्यं गोमुखं गोमुखाकॄतिः ॥","savye dakṣhiṇa gulkaṃ tu pṝṣhtha pārśve niyojayeta ।
dakṣhiṇe।api tathā savyaṃ gomukhaṃ gomukhākṝtiḥ ॥","Placing the right ankle by the left side and the left ankle by the right side, resembling the face of a cow, is called Gomukhasana.",Which asana helps with Upper Back Stiffness?,कौन सा आसन ऊपरी पीठ की कठोरता में मदद करता है?,"Gomukhasana or Cow Face Pose helps relieve stiffness in the upper back.
To perform the Gomukhasana, one should place their right ankle next to the left buttock and the left ankle next to the right buttock. This position resembles the face of a cow.","गोमुखासन ऊपरी पीठ की जकड़न को दूर करने में मदद करता है।
गोमुखासन करने के लिए, व्यक्ति को अपने दाहिने टखने को बाएं नितंब के पास और बाएं टखने को दाहिने नितंब के पास रखना चाहिए। यह स्थिति गाय के चेहरे जैसी दिखती है।",https://gyanbharatam.com/manuscript/view?id=9f06fbc7-3682 4966-8d7c-8fb86aaa0275,,,,,,,,,,,
5,23,Hatha Yoga Pradīpikā,"सव्ये दक्ष्हिण गुल्कं तु पॄष्ह्ठ पार्श्वे नियोजयेत ।
दक्ष्हिणे।अपि तथा सव्यं गोमुखं गोमुखाकॄतिः ॥","savye dakṣhiṇa gulkaṃ tu pṝṣhtha pārśve niyojayeta ।
dakṣhiṇe।api tathā savyaṃ gomukhaṃ gomukhākṝtiḥ ॥","Placing the right ankle by the left side and the left ankle by the right side, resembling the face of a cow, is called Gomukhasana.",Who must do Gomukhasana asnan?,गोमुखासन आसन किसे करना चाहिए?,"Gomukhasana or Cow Face Pose helps relieve stiffness in the upper back.
To perform the Gomukhasana, one should place their right ankle next to the left buttock and the left ankle next to the right buttock. This position resembles the face of a cow.","गोमुखासन ऊपरी पीठ की जकड़न को दूर करने में मदद करता है।
गोमुखासन करने के लिए, व्यक्ति को अपने दाहिने टखने को बाएं नितंब के पास और बाएं टखने को दाहिने नितंब के पास रखना चाहिए। यह स्थिति गाय के चेहरे जैसी दिखती है।",https://gyanbharatam.com/manuscript/view?id=9f06fbc7-3682 4966-8d7c-8fb86aaa0275,,,,,,,,,,,
5,23,Hatha Yoga Pradīpikā,"सव्ये दक्ष्हिण गुल्कं तु पॄष्ह्ठ पार्श्वे नियोजयेत ।
दक्ष्हिणे।अपि तथा सव्यं गोमुखं गोमुखाकॄतिः ॥","savye dakṣhiṇa gulkaṃ tu pṝṣhtha pārśve niyojayeta ।
dakṣhiṇe।api tathā savyaṃ gomukhaṃ gomukhākṝtiḥ ॥","Placing the right ankle by the left side and the left ankle by the right side, resembling the face of a cow, is called Gomukhasana.",What are benifits of Gomukhasana asnan?,गोमुखासन आसन के क्या फ़ायदे हैं?,"Gomukhasana or Cow Face Pose helps relieve stiffness in the upper back.
To perform the Gomukhasana, one should place their right ankle next to the left buttock and the left ankle next to the right buttock. This position resembles the face of a cow.","गोमुखासन ऊपरी पीठ की जकड़न को दूर करने में मदद करता है।
गोमुखासन करने के लिए, व्यक्ति को अपने दाहिने टखने को बाएं नितंब के पास और बाएं टखने को दाहिने नितंब के पास रखना चाहिए। यह स्थिति गाय के चेहरे जैसी दिखती है।",https://gyanbharatam.com/manuscript/view?id=9f06fbc7-3682 4966-8d7c-8fb86aaa0275,,,,,,,,,,,
5,23,Hatha Yoga Pradīpikā,"सव्ये दक्ष्हिण गुल्कं तु पॄष्ह्ठ पार्श्वे नियोजयेत ।
दक्ष्हिणे।अपि तथा सव्यं गोमुखं गोमुखाकॄतिः ॥","savye dakṣhiṇa gulkaṃ tu pṝṣhtha pārśve niyojayeta ।
dakṣhiṇe।api tathā savyaṃ gomukhaṃ gomukhākṝtiḥ ॥","Placing the right ankle by the left side and the left ankle by the right side, resembling the face of a cow, is called Gomukhasana.",What happen when you practice Gomukhasana asnan?,जब आप गोमुखासन आसन का अभ्यास करते हैं तो क्या होता है?,"Gomukhasana or Cow Face Pose helps relieve stiffness in the upper back.
To perform the Gomukhasana, one should place their right ankle next to the left buttock and the left ankle next to the right buttock. This position resembles the face of a cow.","गोमुखासन ऊपरी पीठ की जकड़न को दूर करने में मदद करता है।
गोमुखासन करने के लिए, व्यक्ति को अपने दाहिने टखने को बाएं नितंब के पास और बाएं टखने को दाहिने नितंब के पास रखना चाहिए। यह स्थिति गाय के चेहरे जैसी दिखती है।",https://gyanbharatam.com/manuscript/view?id=9f06fbc7-3682 4966-8d7c-8fb86aaa0275,,,,,,,,,,,
5,23,Hatha Yoga Pradīpikā,"सव्ये दक्ष्हिण गुल्कं तु पॄष्ह्ठ पार्श्वे नियोजयेत ।
दक्ष्हिणे।अपि तथा सव्यं गोमुखं गोमुखाकॄतिः ॥","savye dakṣhiṇa gulkaṃ tu pṝṣhtha pārśve niyojayeta ।
dakṣhiṇe।api tathā savyaṃ gomukhaṃ gomukhākṝtiḥ ॥","Placing the right ankle by the left side and the left ankle by the right side, resembling the face of a cow, is called Gomukhasana.",How to do Gomukhasana asnan?,गोमुखासन आसन कैसे करें?,"Gomukhasana or Cow Face Pose helps relieve stiffness in the upper back.
To perform the Gomukhasana, one should place their right ankle next to the left buttock and the left ankle next to the right buttock. This position resembles the face of a cow.","गोमुखासन ऊपरी पीठ की जकड़न को दूर करने में मदद करता है।
गोमुखासन करने के लिए, व्यक्ति को अपने दाहिने टखने को बाएं नितंब के पास और बाएं टखने को दाहिने नितंब के पास रखना चाहिए। यह स्थिति गाय के चेहरे जैसी दिखती है।",https://gyanbharatam.com/manuscript/view?id=9f06fbc7-3682 4966-8d7c-8fb86aaa0275,,,,,,,,,,,
7,37,Hatha Yoga Pradīpikā,"अथ सिद्धासनम
योनि सथानकमङ्घ्रि मूल घटितं कॄत्वा दॄढं विन्यसेत
मेण्ढ्रे पादमथैकमेव हॄदये कॄत्वा हनुं सुस्थिरम ।
सथाणुः संयमितेन्द्रियो।अछल दॄशा पश्येद्भ्रुवोरन्तरं
हयेतन्मोक्ष्ह कपाट भेद जनकं सिद्धासनं परोछ्यते ॥","atha siddhāsanama
yoni sathānakamaṅghri mūla ghatitaṃ kṝtvā dṝḍhaṃ vinyaseta
meṇḍhre pādamathaikameva hṝdaye kṝtvā hanuṃ susthirama ।
sathāṇuḥ saṃyamitendriyo।achala dṝśā paśyedbhruvorantaraṃ
hayetanmokṣha kapāta bheda janakaṃ siddhāsanaṃ parochyate ॥","Pressing the heel firmly against the perineum and the other foot above the penis, placing the chin on the chest, is Siddhasana.",Which asana is good for Cardiac Health?,भावनात्मक स्वास्थ्य के लिए कौन सा आसन लाभकारी है?,"Siddhasana or Adept’s Pose regulates blood flow and is good for cardiac health.
Press firmly the heel of the left foot against the perineum, and the right heel above the male organ. With the chin pressing on the chest, one should sit calmly, having restrained the senses, and gaze steadily the space between the eyebrows. This is called the Siddha aasana, the opener of the door of salvation.
","सिद्धासन रक्त प्रवाह को नियंत्रित करता है और हृदय स्वास्थ्य के लिए अच्छा है।
बाएं पैर की एड़ी को पेरिनियम पर मजबूती से दबाएं और दाएं पैर की एड़ी को जननांग के ठीक ऊपर रखें। ठुड्डी को छाती से मजबूती से दबाकर रखें। इंद्रियों को नियंत्रित रखें और दृष्टि को भौंहों के बीच की जगह पर स्थिर रखें।",https://gyanbharatam.com/manuscript/view?id=9f06fbc7-3682 4966-8d7c-8fb86aaa0275,,,,,,,,,,,
7,37,Hatha Yoga Pradīpikā,"अथ सिद्धासनम
योनि सथानकमङ्घ्रि मूल घटितं कॄत्वा दॄढं विन्यसेत
मेण्ढ्रे पादमथैकमेव हॄदये कॄत्वा हनुं सुस्थिरम ।
सथाणुः संयमितेन्द्रियो।अछल दॄशा पश्येद्भ्रुवोरन्तरं
हयेतन्मोक्ष्ह कपाट भेद जनकं सिद्धासनं परोछ्यते ॥","atha siddhāsanama
yoni sathānakamaṅghri mūla ghatitaṃ kṝtvā dṝḍhaṃ vinyaseta
meṇḍhre pādamathaikameva hṝdaye kṝtvā hanuṃ susthirama ।
sathāṇuḥ saṃyamitendriyo।achala dṝśā paśyedbhruvorantaraṃ
hayetanmokṣha kapāta bheda janakaṃ siddhāsanaṃ parochyate ॥","Pressing the heel firmly against the perineum and the other foot above the penis, placing the chin on the chest, is Siddhasana.",Which asana is beneficial for Emotional Health?,भावनात्मक स्वास्थ्य के लिए कौन सा आसन करें?,"Siddhasana is beneficial for emotional balance and mental clarity.
Press firmly the heel of the left foot against the perineum, and the right heel above the male organ. With the chin pressing on the chest, one should sit calmly, having restrained the senses, and gaze steadily the space between the eyebrows. This is called the Siddha aasana, the opener of the door of salvation.
","सिद्धासन भावनात्मक संतुलन और मानसिक स्पष्टता के लिए लाभकारी है।
बाएं पैर की एड़ी को पेरिनियम पर मजबूती से दबाएं और दाएं पैर की एड़ी को जननांग के ठीक ऊपर रखें। ठुड्डी को छाती से मजबूती से दबाकर रखें। इंद्रियों को नियंत्रित रखें और दृष्टि को भौंहों के बीच की जगह पर स्थिर रखें।",https://gyanbharatam.com/manuscript/view?id=9f06fbc7-3682 4966-8d7c-8fb86aaa0275,,,,,,,,,,,
10,52,Hatha Yoga Pradīpikā,"अथ सिंहासनम
गुल्फौ छ वॄष्हणस्याधः सीवन्त्याः पार्श्वयोः कष्हिपेत ।
दक्ष्हिणे सव्य गुल्फं तु दक्ष्ह गुल्फं तु सव्यके ॥","atha siṃhāsanam
ghulphau cha vṝṣhaṇasyādhaḥ sīvantyāḥ pārśvayoḥ kṣhipet ।
dakṣhiṇe savya ghulphaṃ tu dakṣha ghulphaṃ tu savyake ॥",Placing the ankles below the scrotum... gazing at the nose tip is Simhasana.,Which asana helps with Stammering?,कौन सा आसन स्टेमरिंग में मदद करता है?,"Simhasana or Lion Pose cures stammering and facilitates clear speech.
To do Press the heels on both sides of the seam of Perineum, in such a way that the left heel touches the right side and the right heel touches the left side of it.","सिंहासन हकलाने को ठीक करता है और स्पष्ट वाणी में सहायक होता है। इसे करने के लिए अपनी एड़ियों को शरीर के मध्य भाग के नीचे रखें, हाथों को घुटनों पर रखकर उंगलियाँ फैला लें, मुँह खुला रखें और अपनी नज़र नाक की नोक पर टिकाएँ। ",https://gyanbharatam.com/manuscript/view?id=9f06fbc7-3682 4966-8d7c-8fb86aaa0275,,,,,,,,,,,
10,52,Hatha Yoga Pradīpikā,"अथ सिंहासनम
गुल्फौ छ वॄष्हणस्याधः सीवन्त्याः पार्श्वयोः कष्हिपेत ।
दक्ष्हिणे सव्य गुल्फं तु दक्ष्ह गुल्फं तु सव्यके ॥","atha siṃhāsanam
ghulphau cha vṝṣhaṇasyādhaḥ sīvantyāḥ pārśvayoḥ kṣhipet ।
dakṣhiṇe savya ghulphaṃ tu dakṣha ghulphaṃ tu savyake ॥",Placing the ankles below the scrotum... gazing at the nose tip is Simhasana.,Which asana helps in Confidence Building?,आत्मविश्वास बढ़ाने के लिए कौन सा आसन लाभकारी है?,"Simhasana or Lion Pose helps build confidence and fearlessness.
To do Press the heels on both sides of the seam of Perineum, in such a way that the left heel touches the right side and the right heel touches the left side of it.","सिंहासन आत्मविश्वास और निर्भयता बढ़ाने में मदद करता है। इसे करने के लिए अपनी एड़ियों को शरीर के मध्य भाग के नीचे रखें, हाथों को घुटनों पर रखकर उंगलियाँ फैला लें, मुँह खुला रखें और अपनी नज़र नाक की नोक पर टिकाएँ। ",https://gyanbharatam.com/manuscript/view?id=9f06fbc7-3682 4966-8d7c-8fb86aaa0275,,,,,,,,,,,
10,52,Hatha Yoga Pradīpikā,"अथ सिंहासनम
गुल्फौ छ वॄष्हणस्याधः सीवन्त्याः पार्श्वयोः कष्हिपेत ।
दक्ष्हिणे सव्य गुल्फं तु दक्ष्ह गुल्फं तु सव्यके ॥","atha siṃhāsanam
ghulphau cha vṝṣhaṇasyādhaḥ sīvantyāḥ pārśvayoḥ kṣhipet ।
dakṣhiṇe savya ghulphaṃ tu dakṣha ghulphaṃ tu savyake ॥",Placing the ankles below the scrotum... gazing at the nose tip is Simhasana.,what happens if you practice simhasanam/ lion pose?,यदि आप सिंहासनम/शेर मुद्रा का अभ्यास करते हैं तो क्या होता है?,"Simhasana or Lion Pose helps build confidence and fearlessness.
To do Press the heels on both sides of the seam of Perineum, in such a way that the left heel touches the right side and the right heel touches the left side of it.","सिंहासन आत्मविश्वास और निर्भयता बढ़ाने में मदद करता है। इसे करने के लिए अपनी एड़ियों को शरीर के मध्य भाग के नीचे रखें, हाथों को घुटनों पर रखकर उंगलियाँ फैला लें, मुँह खुला रखें और अपनी नज़र नाक की नोक पर टिकाएँ। ",https://gyanbharatam.com/manuscript/view?id=9f06fbc7-3682 4966-8d7c-8fb86aaa0275,,,,,,,,,,,
10,52,Hatha Yoga Pradīpikā,"अथ सिंहासनम
गुल्फौ छ वॄष्हणस्याधः सीवन्त्याः पार्श्वयोः कष्हिपेत ।
दक्ष्हिणे सव्य गुल्फं तु दक्ष्ह गुल्फं तु सव्यके ॥","atha siṃhāsanam
ghulphau cha vṝṣhaṇasyādhaḥ sīvantyāḥ pārśvayoḥ kṣhipet ।
dakṣhiṇe savya ghulphaṃ tu dakṣha ghulphaṃ tu savyake ॥",Placing the ankles below the scrotum... gazing at the nose tip is Simhasana.,Who must practice simhasanam/ lion pose?,सिंहासनम/शेर मुद्रा का अभ्यास किसे करना चाहिए?,"Simhasana or Lion Pose helps build confidence and fearlessness.
To do Press the heels on both sides of the seam of Perineum, in such a way that the left heel touches the right side and the right heel touches the left side of it.","सिंहासन आत्मविश्वास और निर्भयता बढ़ाने में मदद करता है। इसे करने के लिए अपनी एड़ियों को शरीर के मध्य भाग के नीचे रखें, हाथों को घुटनों पर रखकर उंगलियाँ फैला लें, मुँह खुला रखें और अपनी नज़र नाक की नोक पर टिकाएँ। ",https://gyanbharatam.com/manuscript/view?id=9f06fbc7-3682 4966-8d7c-8fb86aaa0275,,,,,,,,,,,
10,56,Hatha Yoga Pradīpikā,"पार्श्व पादौ छ पाणिभ्यां दॄढं बद्ध्वा सुनिश्छलम ।
भद्रासनं भवेदेतत्सर्व वयाधि विनाशनम ।
गोरक्ष्हासनमित्याहुरिदं वै सिद्ध योगिनः ॥","pārśva pādau cha pāṇibhyāṃ dṝḍhaṃ baddhvā suniśchalam ।
bhadrāsanaṃ bhavedetatsarva vyādhi vināśanam ।
ghorakṣhāsanamityāhuridaṃ vai siddha yoghinaḥ ॥ ","Placing the ankles below the scrotum on the sides of the perineum, and holding the feet firmly with the hands, remaining motionless is Bhadrasana.",How to do Bhadrasana?,भद्रासन कैसे करते हैं?,Bhadrasana or Gracious Pose builds stability and confidence. To do this hold the feet firmly joined to one another with both the hands. This Bhadraasana is the destroyer of all the diseases.,भद्रासन स्थिरता और आत्मविश्वास का निर्माण करता है।,https://gyanbharatam.com/manuscript/view?id=9f06fbc7-3682 4966-8d7c-8fb86aaa0275,,,,,,,,,,,
10,56,Hatha Yoga Pradīpikā,"पार्श्व पादौ छ पाणिभ्यां दॄढं बद्ध्वा सुनिश्छलम ।
भद्रासनं भवेदेतत्सर्व वयाधि विनाशनम ।
गोरक्ष्हासनमित्याहुरिदं वै सिद्ध योगिनः ॥","pārśva pādau cha pāṇibhyāṃ dṝḍhaṃ baddhvā suniśchalam ।
bhadrāsanaṃ bhavedetatsarva vyādhi vināśanam ।
ghorakṣhāsanamityāhuridaṃ vai siddha yoghinaḥ ॥ ","Placing the ankles below the scrotum on the sides of the perineum, and holding the feet firmly with the hands, remaining motionless is Bhadrasana.",What is unique benifit of Bhadrasana?,भद्रासन का अनोखा फ़ायदा क्या है?,Bhadrasana or Gracious Pose builds stability and confidence. To do this hold the feet firmly joined to one another with both the hands. This Bhadraasana is the destroyer of all the diseases.,भद्रासन स्थिरता और आत्मविश्वास का निर्माण करता है।,https://gyanbharatam.com/manuscript/view?id=9f06fbc7-3682 4966-8d7c-8fb86aaa0275,10,56,Hatha Yoga Pradīpikā,"पार्श्व पादौ छ पाणिभ्यां दॄढं बद्ध्वा सुनिश्छलम ।
भद्रासनं भवेदेतत्सर्व वयाधि विनाशनम ।
गोरक्ष्हासनमित्याहुरिदं वै सिद्ध योगिनः ॥","pārśva pādau cha pāṇibhyāṃ dṝḍhaṃ baddhvā suniśchalam ।
bhadrāsanaṃ bhavedetatsarva vyādhi vināśanam ।
ghorakṣhāsanamityāhuridaṃ vai siddha yoghinaḥ ॥ ","Placing the ankles below the scrotum on the sides of the perineum, and holding the feet firmly with the hands, remaining motionless is Bhadrasana.",Which asana is beneficial for Confidence Building?,आत्मविश्वास बढ़ाने  के लिए कौन सा आसन लाभकारी है?,Bhadrasana or Gracious Pose builds stability and confidence. To do this hold the feet firmly joined to one another with both the hands. This Bhadraasana is the destroyer of all the diseases.,भद्रासन स्थिरता और आत्मविश्वास का निर्माण करता है।,https://gyanbharatam.com/manuscript/view?id=9f06fbc7-3682 4966-8d7c-8fb86aaa0275
10,56,Hatha Yoga Pradīpikā,"पार्श्व पादौ छ पाणिभ्यां दॄढं बद्ध्वा सुनिश्छलम ।
भद्रासनं भवेदेतत्सर्व वयाधि विनाशनम ।
गोरक्ष्हासनमित्याहुरिदं वै सिद्ध योगिनः ॥","pārśva pādau cha pāṇibhyāṃ dṝḍhaṃ baddhvā suniśchalam ।
bhadrāsanaṃ bhavedetatsarva vyādhi vināśanam ।
ghorakṣhāsanamityāhuridaṃ vai siddha yoghinaḥ ॥ ","Placing the ankles below the scrotum on the sides of the perineum, and holding the feet firmly with the hands, remaining motionless is Bhadrasana.",Who must practice Bhadrasana?,भद्रासन का अभ्यास किसे करना चाहिए?,Bhadrasana or Gracious Pose builds stability and confidence. Those who are willing to raise their confidence must practice. To do this hold the feet firmly joined to one another with both the hands. This Bhadraasana is the destroyer of all the diseases.,भद्रासन स्थिरता और आत्मविश्वास का निर्माण करता है।,https://gyanbharatam.com/manuscript/view?id=9f06fbc7-3682 4966-8d7c-8fb86aaa0275,,,,,,,,,,,
10,56,Hatha Yoga Pradīpikā,"पार्श्व पादौ छ पाणिभ्यां दॄढं बद्ध्वा सुनिश्छलम ।
भद्रासनं भवेदेतत्सर्व वयाधि विनाशनम ।
गोरक्ष्हासनमित्याहुरिदं वै सिद्ध योगिनः ॥","pārśva pādau cha pāṇibhyāṃ dṝḍhaṃ baddhvā suniśchalam ।
bhadrāsanaṃ bhavedetatsarva vyādhi vināśanam ।
ghorakṣhāsanamityāhuridaṃ vai siddha yoghinaḥ ॥ ","Placing the ankles below the scrotum on the sides of the perineum, and holding the feet firmly with the hands, remaining motionless is Bhadrasana.",What happens by performing Bhadrasana?,भद्रासन करने से क्या होता है?,Bhadrasana or Gracious Pose builds stability and confidence. Those who are willing to raise their confidence must practice. To do this hold the feet firmly joined to one another with both the hands. This Bhadraasana is the destroyer of all the diseases.,भद्रासन स्थिरता और आत्मविश्वास का निर्माण करता है।,https://gyanbharatam.com/manuscript/view?id=9f06fbc7-3682 4966-8d7c-8fb86aaa0275,,,,,,,,,,,
3,1,Hatha Yoga Pradīpikā,"शरी आदि नाथाय नमो।अस्तु तस्मै
येनोपदिष्ह्टा हठ योग विद्या ।
विभ्राजते परोन्नत राज योगम
आरोढुमिछ्छोरधिरोहिणीव ॥","śarī ādi nāthāya namo।astu tasmai
yenopadiṣhtā hatha yoga vidyā ।
vibhrājate paronnata rāja yogama
āroḍhumichchoradhirohiṇīva ॥","Salutation to Shiva who expounded the knowledge of Hatha Yoga, which like a staircase leads the aspirant to the high pinnacled Raaja Yoga.",What is the first shloka in Hatha Yoga Pradīpikā?,हठयोगप्रदीपिका का प्रथम श्लोक क्या है?,"Salutation to Shiva who expounded the knowledge of Hatha Yoga, which like a staircase leads the aspirant to the high pinnacled Raaja Yoga.","मैं भगवान शिव (आदिनाथ) को प्रणाम करता हूँ, जिन्होंने हठ योग का ज्ञान दिया। यह ज्ञान एक सीढ़ी की तरह है जो साधक को राज योग के सर्वोच्च शिखर तक पहुँचने में मदद करता है।",https://gyanbharatam.com/manuscript/view?id=9f06fbc7-3682 4966-8d7c-8fb86aaa0275,,,,,,,,,,,
3,2,Hatha Yoga Pradīpikā,"परणम्य शरी गुरुं नाथं सवात्मारामेण योगिना ।
केवलं राज योगाय हठ विद्योपदिश्यते ॥","paraṇamya śarī guruṃ nāthaṃ savātmārāmeṇa yoginā ।
kevalaṃ rāja yogāya hatha vidyopadiśyate ॥","Yogin Swaatmaraama, after saluting first his Guru Srinaatha explains Hatha Yoga for the attainment of Raja Yoga.",What is the second shloka in Hatha Yoga Pradīpikā?,हठयोगप्रदीपिका का द्वितीय श्लोक क्या है?,"Yogin Swaatmaraama, after saluting first his Guru Srinaatha explains Hatha Yoga for the attainment of Raja Yoga.",योगी स्वात्माराम पहले अपने गुरु श्रीनाथ को नमन करते हैं और फिर केवल राज योग की प्राप्ति के लिए हठ योग की व्याख्या करते हैं।,https://gyanbharatam.com/manuscript/view?id=9f06fbc7-3682 4966-8d7c-8fb86aaa0275,,,,,,,,,,,
3,3,Hatha Yoga Pradīpikā,"भरान्त्या बहुमत धवान्ते राज योगमजानताम ।
हठ परदीपिकां धत्ते सवात्मारामः कॄपाकरः ॥","bhrāntyā bahumata dhvānte rāja yoghamajānatām ।
hatha pradīpikāṃ dhatte svātmārāmaḥ kṝpākaraḥ ॥",Owing to the darkness arising from the multiplicity of opinions people are unable to know the Raaja Yoga. Compassionate Swaatmaraama composes the Hatha Yoga Pradipikaa like a torch to dispel it.,What is the third shloka in Hatha Yoga Pradīpikā?,हठयोगप्रदीपिका का तृतीय श्लोक क्या है?,Owing to the darkness arising from the multiplicity of opinions people are unable to know the Raaja Yoga. Compassionate Swaatmaraama composes the Hatha Yoga Pradipikaa like a torch to dispel it.,"क्योंकि बहुत सारे भ्रमित करने वाले मत हैं, लोग अक्सर राज योग को नहीं समझ पाते। इसलिए, स्वात्माराम उस भ्रम को दूर करने के लिए हठ योग प्रदीपिका रूपी दीपक प्रस्तुत करते हैं।",https://gyanbharatam.com/manuscript/view?id=9f06fbc7-3682 4966-8d7c-8fb86aaa0275,,,,,,,,,,,
3,4,Hatha Yoga Pradīpikā,"हठ विद्यां हि मत्स्येन्द्र गोरक्ष्हाद्या विजानते ।
सवात्मारामो।अथवा योगी जानीते तत परसादतः ॥","hatha vidyāṃ hi matsyendra ghorakṣhādyā vijānate ।
svātmārāmo।athavā yoghī jānīte tat prasādataḥ ॥","Matsyendra, Goraksha, etc., knew Haṭha Vidyaa, and by their favour Yogi Swaatmaraama also learnt it from them.

The following Siddhas are said to have existed in former times:—",What is the fourth shloka in Hatha Yoga Pradīpikā?,हठयोगप्रदीपिका का चतुर्थ श्लोक क्या है?,"Matsyendra, Goraksha, etc., knew Haṭha Vidyaa, and by their favour Yogi Swaatmaraama also learnt it from them.

The following Siddhas are said to have existed in former times:—",मत्स्येंद्र और गोरक्ष जैसे महान सिद्धों को हठ योग का ज्ञान था। योगी स्वात्माराम ने उनकी कृपा से ही इसे सीखा।,https://gyanbharatam.com/manuscript/view?id=9f06fbc7-3682 4966-8d7c-8fb86aaa0275,,,,,,,,,,,
3,5,Hatha Yoga Pradīpikā,"शरी आदिनाथ मत्स्येन्द्र शावरानन्द भैरवाः ।
छौरङ्गी मीन गोरक्ष्ह विरूपाक्ष्ह बिलेशयाः ॥","śrī ādinātha matsyendra śāvarānanda bhairavāḥ ।
chaurangghī mīna ghorakṣha virūpākṣha bileśayāḥ ","Sri Aadinatha or Shiva, Matsyendra, Naatha, Saabar, Anand, Bhairava, Chaurangi, Meena naatha, Gorakṣanaatha, Virupaaksha, Bilesaya.",What is the fifth shloka in Hatha Yoga Pradīpikā?,हठयोगप्रदीपिका का पंचम श्लोक क्या है?,"Sri Aadinatha or Shiva, Matsyendra, Naatha, Saabar, Anand, Bhairava, Chaurangi, Meena naatha, Gorakṣanaatha, Virupaaksha, Bilesaya.","प्राचीन काल में निम्नलिखित महान सिद्ध हुए हैं: श्री आदिनाथ (शिव), मत्स्येंद्र, नाथ, साबर, आनंद, भैरव, चौरंगी, मीन नाथ, गोरक्ष नाथ, विरूपाक्ष और बिलेशय।",https://gyanbharatam.com/manuscript/view?id=9f06fbc7-3682 4966-8d7c-8fb86aaa0275,,,,,,,,,,,
3,6,Hatha Yoga Pradīpikā,"मन्थानो भैरवो योगी सिद्धिर्बुद्धश्छ कन्थडिः ।
कोरंटकः सुरानन्दः सिद्धपादश्छ छर्पटिः ॥","manthāno bhairavo yoghī siddhirbuddhaścha kanthaḍiḥ ।
koraṃtakaḥ surānandaḥ siddhapādaścha charpatiḥ ॥","Manthaana, Bhairava, Siddhi Buddha, Kanthadi, Karantaka, Suraananda, Siddhipaada, Charapati.",What is the sixth shloka in Hatha Yoga Pradīpikā?,हठयोगप्रदीपिका का षष्ठ श्लोक क्या है?,"Manthaana, Bhairava, Siddhi Buddha, Kanthadi, Karantaka, Suraananda, Siddhipaada, Charapati.","मंथाना, भैरव, सिद्धि बुद्ध, कंथड़ी, कोरण्टक, सुरानंद, सिद्धिपाद और चरपति।",https://gyanbharatam.com/manuscript/view?id=9f06fbc7-3682 4966-8d7c-8fb86aaa0275,,,,,,,,,,,
3,7,Hatha Yoga Pradīpikā,"कानेरी पूज्यपादश्छ नित्य नाथो निरञ्जनः ।
कपाली बिन्दुनाथश्छ काकछण्डीश्वराह्वयः ॥ ","kānerī pūjyapādaścha nitya nātho nirañjanaḥ ।
kapālī bindunāthaścha kākachaṇḍīśvarāhvayaḥ ॥","Kaaneri, Pujyapaada, Nityanaatha, Nirañjana, Kapaali, Vindunaatha, Kaaka Chandîśwara.",What is the seventh shloka in Hatha Yoga Pradīpikā?,हठयोगप्रदीपिका का सप्तम श्लोक क्या है?,"Kaaneri, Pujyapaada, Nityanaatha, Nirañjana, Kapaali, Vindunaatha, Kaaka Chandîśwara.","कनेरी, पूज्यपाद, नित्यनाथ, निरंजन, कपाली, बिंदुनाथ और काक चंडीश्वर।",https://gyanbharatam.com/manuscript/view?id=9f06fbc7-3682 4966-8d7c-8fb86aaa0275,,,,,,,,,,,
3,8,Hatha Yoga Pradīpikā,"अल्लामः परभुदेवश्छ घोडा छोली छ टिंटिणिः ।
भानुकी नारदेवश्छ खण्डः कापालिकस्तथा ॥","allāmaḥ prabhudevaścha ghoḍā cholī cha tiṃtiṇiḥ ।
bhānukī nāradevaścha khaṇḍaḥ kāpālikastathā ॥","Allaama, Prabhudeva, Ghodaa, Cholî, Tintiṇi, Bhaanukî Naardeva, Khanda Kaapaalika, etc.",What is the eighth shloka in Hatha Yoga Pradīpikā?,हठयोगप्रदीपिका का अष्टम श्लोक क्या है?,"Allaama, Prabhudeva, Ghodaa, Cholî, Tintiṇi, Bhaanukî Naardeva, Khanda Kaapaalika, etc.","अल्लामा, प्रभुदेव, घोड़ा, चोली, टिंटिणी, भानुकी, नारदेव, खंड कापालिक, आदि।",https://gyanbharatam.com/manuscript/view?id=9f06fbc7-3682 4966-8d7c-8fb86aaa0275,,,,,,,,,,,
4,9,Hatha Yoga Pradīpikā,"इत्यादयो महासिद्धा हठ योग परभावतः |
खण्डयित्वा काल दण्डं बरह्माण्डे विछरन्ति ते ॥","ityādayo mahāsiddhā hatha yogha prabhāvataḥ ।
khaṇḍayitvā kāla daṇḍaṃ brahmāṇḍe vicharanti te ॥","These Mahaasiddhas great masters, breaking the sceptre of death, are roaming in the universe.",What is the ninth shloka in Hatha Yoga Pradīpikā?,हठयोगप्रदीपिका का नवम श्लोक क्या है?,"These Mahaasiddhas great masters, breaking the sceptre of death, are roaming in the universe.",इन महान सिद्धों ने काल (मृत्यु) को जीत लिया है और वे ब्रह्मांड में स्वतंत्र रूप से विचरण करते हैं।,https://gyanbharatam.com/manuscript/view?id=9f06fbc7-3682 4966-8d7c-8fb86aaa0275,,,,,,,,,,,
4,10,Hatha Yoga Pradīpikā,"अशेष्ह ताप तप्तानां समाश्रय मठो हठः ।
अशेष्ह योग युक्तानामाधार कमठो हठः ।।","aśeṣha tāpa taptānāṃ samāśraya matho hathaḥ ।
aśeṣha yogha yuktānāmādhāra kamatho hathaḥ ॥","Like a house protecting one from the heat of the sun, Hatha Yoga protects its practiser from the burning heat of the three Taapas; and, similarly, it is the supporting tortoise, as it were, for those who are constantly devoted to the practice of Yoga.",What is the tenth shloka in Hatha Yoga Pradīpikā?,हठयोगप्रदीपिका का दशम श्लोक क्या है?,"Like a house protecting one from the heat of the sun, Hatha Yoga protects its practiser from the burning heat of the three Taapas; and, similarly, it is the supporting tortoise, as it were, for those who are constantly devoted to the practice of Yoga.","जैसे एक घर आपको तेज़ धूप से बचाता है, वैसे ही हठ योग अपने अभ्यासी को सभी प्रकार के कष्टों (ताप) से बचाता है। यह उन लोगों के लिए एक कछुए की तरह आधार है जो योग के प्रति समर्पित हैं।",https://gyanbharatam.com/manuscript/view?id=9f06fbc7-3682 4966-8d7c-8fb86aaa0275,,,,,,,,,,,
4,11,Hatha Yoga Pradīpikā,"हठ विद्या परं गोप्या योगिना सिद्धिमिछ्छता ।
भवेद्वीर्यवती गुप्ता निर्वीर्या तु परकाशिता ॥","hatha vidyā paraṃ ghopyā yoghinā siddhimichchatā ।
bhavedvīryavatī ghuptā nirvīryā tu prakāśitā ॥","A Yogî desirous of success should keep the knowledge of Hatha Yoga secret; for it becomes potent by concealing, and impotent by exposing.",What is the eleventh shloka in Hatha Yoga Pradīpikā?,हठयोगप्रदीपिका का एकादश श्लोक क्या है?,"A Yogî desirous of success should keep the knowledge of Hatha Yoga secret; for it becomes potent by concealing, and impotent by exposing.","सफलता चाहने वाले योगी को अपने हठ योग के अभ्यास को गुप्त रखना चाहिए। यह गुप्त रखने पर शक्तिशाली होता है, लेकिन दिखावा करने पर अपनी शक्ति खो देता है।",https://gyanbharatam.com/manuscript/view?id=9f06fbc7-3682 4966-8d7c-8fb86aaa0275,,,,,,,,,,,
4,12,Hatha Yoga Pradīpikā,"सुराज्ये धार्मिके देशे सुभिक्ष्हे निरुपद्रवे ।
धनुः परमाण पर्यन्तं शिलाग्नि जल वर्जिते ।
एकान्ते मठिका मध्ये सथातव्यं हठ योगिना ॥","surājye dhārmike deśe subhikṣhe nirupadrave ।
dhanuḥ pramāṇa paryantaṃ śilāghni jala varjite ।
ekānte mathikā madhye sthātavyaṃ hatha yoghinā ॥","The Yogî should practise Hatha Yoga in a small room, situated in a solitary place, being 4 cubits square, and free from stones, fire, water, disturbances of all kinds, and in a country where justice is properly administered, where good people live, and food can be obtained easily and plentifully.",What is the twelfth shloka in Hatha Yoga Pradīpikā?,हठयोगप्रदीपिका का द्वादश श्लोक क्या है?,"The Yogî should practise Hatha Yoga in a small room, situated in a solitary place, being 4 cubits square, and free from stones, fire, water, disturbances of all kinds, and in a country where justice is properly administered, where good people live, and food can be obtained easily and plentifully.","योगी को एक छोटे, एकांत कमरे (लगभग 4 हाथ वर्गाकार) में अभ्यास करना चाहिए। वह स्थान पत्थरों, आग, पानी और शोर-शराबे से मुक्त होना चाहिए। यह एक ऐसे देश में होना चाहिए जहाँ न्याय का शासन हो, जहाँ अच्छे लोग रहते हों और भोजन आसानी से मिल जाए।",https://gyanbharatam.com/manuscript/view?id=9f06fbc7-3682 4966-8d7c-8fb86aaa0275,,,,,,,,,,,
4,13,Hatha Yoga Pradīpikā,"अल्प दवारमरन्ध्र गर्त विवरं नात्युछ्छ नीछायतं
सम्यग गोमय सान्द्र लिप्तममलं निःशेस जन्तूज्झितम ।
बाह्ये मण्डप वेदि कूप रुछिरं पराकार संवेष्ह्टितं
परोक्तं योग मठस्य लक्ष्हणमिदं सिद्धैर्हठाभ्यासिभिः ॥","alpa dvāramarandhra gharta vivaraṃ nātyuchcha nīchāyataṃ
samyagh ghomaya sāndra liptamamalaṃ niḥśesa jantūjjhitam ।
bāhye maṇḍapa vedi kūpa ruchiraṃ prākāra saṃveṣhtitaṃ
proktaṃ yogha mathasya lakṣhaṇamidaṃ siddhairhathābhyāsibhiḥ ॥","The room should have a small door, be free from holes, hollows, neither too high nor too low, well plastered with cow dung and free from dirt, filth and insects. On its outside there should be bowers, raised platform or chabootraa, a well, and a compound. These characteristics of a room for Hatha Yogis have been described by adepts in the practice of Hatha.",What is the thirteenth shloka in Hatha Yoga Pradīpikā?,हठयोगप्रदीपिका का त्रयोदश श्लोक क्या है?,"The room should have a small door, be free from holes, hollows, neither too high nor too low, well plastered with cow dung and free from dirt, filth and insects. On its outside there should be bowers, raised platform or chabootraa, a well, and a compound. These characteristics of a room for Hatha Yogis have been described by adepts in the practice of Hatha.","कमरे में एक छोटा दरवाजा होना चाहिए और कोई छिद्र या बिल नहीं होना चाहिए। यह न तो बहुत ऊँचा हो, न बहुत नीचा। यह साफ, गोबर से लीपा हुआ और कीड़ों से मुक्त होना चाहिए। कमरे के बाहर एक छोटा बगीचा, एक चबूतरा और एक कुआँ होना चाहिए।",https://gyanbharatam.com/manuscript/view?id=9f06fbc7-3682 4966-8d7c-8fb86aaa0275,,,,,,,,,,,
4,14,Hatha Yoga Pradīpikā,"एवं विधे मठे सथित्वा सर्व छिन्ता विवर्जितः ।
गुरूपदिष्ह्ट मार्गेण योगमेव समभ्यसेत ॥","evaṃ vidhe mathe sthitvā sarva chintā vivarjitaḥ ।
ghurūpadiṣhta mārgheṇa yoghameva samabhyaset ॥","Having seated in such a room and free from all anxieties, he should practise Yoga, as instructed by his guru.",What is the fourteenth shloka in Hatha Yoga Pradīpikā?,हठयोगप्रदीपिका का चतुर्दश श्लोक क्या है?,"Having seated in such a room and free from all anxieties, he should practise Yoga, as instructed by his guru.","ऐसे कमरे में चिंतामुक्त होकर बैठकर, योगी को ठीक वैसे ही योग का अभ्यास करना चाहिए जैसा उनके गुरु ने सिखाया है।",https://gyanbharatam.com/manuscript/view?id=9f06fbc7-3682 4966-8d7c-8fb86aaa0275,,,,,,,,,,,
5,15,Hatha Yoga Pradīpikā,"अत्याहारः परयासश्छ परजल्पो नियमाग्रहः ।
जन सङ्गश्छ लौल्यं छ षहड्भिर्योगो विनश्यति ॥","atyāhāraḥ parayāsaścha parajalpo niyamāgrahaḥ ।
jana saṅgaścha laulyaṃ cha ṣahaḍbhiryogo vinaśyati ॥","Yoga is destroyed by the following six causes: Over eating, exertion, talkativeness, adhering to rules, i.e., cold bath in the morning, eating at night, or eating fruits only, company of men, and unsteadiness.",What is the fifteenth shloka in Hatha Yoga Pradīpikā?,हठयोगप्रदीपिका का पंचदश श्लोक क्या है?,"Yoga is destroyed by the following six causes: Over eating, exertion, talkativeness, adhering to rules, i.e., cold bath in the morning, eating at night, or eating fruits only, company of men, and unsteadiness.","योग इन छह कारणों से नष्ट हो जाता है: अधिक खाना, अधिक प्रयास (श्रम) करना, बहुत अधिक बोलना, कड़े नियमों का पालन करना, बुरी संगत, और चंचल मन।",https://gyanbharatam.com/manuscript/view?id=9f06fbc7-3682 4966-8d7c-8fb86aaa0275,,,,,,,,,,,
5,16,Hatha Yoga Pradīpikā,"उत्साहात्साहसाद्धैर्यात्तत्त्व जञानाश्छ निश्छयात ।
जन सङ्ग परित्यागात्ष्हड्भिर्योगः परसिद्ध्यति ॥","utsāhātsāhasāddhairyāttattva jañānāścha niśchayāta ।
jana saṅga parityāgātṣhaḍbhiryogaḥ parasiddhyati ॥","The following six bring speedy success: Courage, daring, perseverance, discriminative knowledge, faith, aloofness. from company.",What is the sixteenth shloka in Hatha Yoga Pradīpikā?,हठयोगप्रदीपिका का षोडश श्लोक क्या है?,"The following six bring speedy success: Courage, daring, perseverance, discriminative knowledge, faith, aloofness. from company.","योग इन छह कारणों से सफल होता है: उत्साह, साहस, धैर्य, सही ज्ञान, विश्वास और भीड़-भाड़ से दूर रहना।",https://gyanbharatam.com/manuscript/view?id=9f06fbc7-3682 4966-8d7c-8fb86aaa0275,,,,,,,,,,,
5,17,Hatha Yoga Pradīpikā,"अथ यम नियमाः
अहिंसा सत्यमस्तेयं बरह्मछर्यं कष्हमा धॄतिः ।
दयार्जवं मिताहारः शौछं छैव यमा दश ॥","atha yama niyamāḥ
ahiṃsā satyamasteyaṃ brahmacharyaṃ kṣhamā dhṝtiḥ ।
dayārjavaṃ mitāhāraḥ śauchaṃ chaiva yamā daśa ॥","The ten rules of conduct are: ahimsaa non injuring, truth, non stealing, continence, forgiveness, endurance, compassion, meekness, sparing diet and cleanliness.",What is the seventeenth shloka in Hatha Yoga Pradīpikā?,हठयोगप्रदीपिका का सप्तदश श्लोक क्या है?,"The ten rules of conduct are: ahimsaa non injuring, truth, non stealing, continence, forgiveness, endurance, compassion, meekness, sparing diet and cleanliness.","दस यम (आचरण के नियम) हैं: अहिंसा, सत्य, चोरी न करना (अस्तेय), ब्रह्मचर्य, क्षमा, सहनशीलता, दया, नम्रता, मिताहार (संतुलित भोजन) और पवित्रता (शौच)।",https://gyanbharatam.com/manuscript/view?id=9f06fbc7-3682 4966-8d7c-8fb86aaa0275,,,,,,,,,,,
5,18,Hatha Yoga Pradīpikā,"तपः सन्तोष्ह आस्तिक्यं दानमीश्वर पूजनम ।
सिद्धान्त वाक्य शरवणं हरीमती छ तपो हुतम ।
नियमा दश सम्प्रोक्ता योग शास्त्र विशारदैः ॥","tapaḥ santoṣha āstikyaṃ dānamīśvara pūjanam ।
siddhānta vākya śravaṇaṃ hrīmatī cha tapo hutam ।
niyamā daśa samproktā yogha śāstra viśāradaiḥ ॥","The ten niyamas mentioned by those proficient in the knowledge of yoga are: Tapa, patience, belief in God, charity, adoration of God, hearing discourses on the principles of religion, shame, intellect, Tapa and Yajnya.",What is the eighteenth shloka in Hatha Yoga Pradīpikā?,हठयोगप्रदीपिका का अष्टादश श्लोक क्या है?,"The ten niyamas mentioned by those proficient in the knowledge of yoga are: Tapa, patience, belief in God, charity, adoration of God, hearing discourses on the principles of religion, shame, intellect, Tapa and Yajnya.","दस नियम हैं: तप, संतोष, आस्तिकता (ईश्वर में विश्वास), दान, ईश्वर की पूजा, सिद्धांतों को सुनना, लज्जा, बुद्धि, मंत्र जप और हवन।",https://gyanbharatam.com/manuscript/view?id=9f06fbc7-3682 4966-8d7c-8fb86aaa0275,,,,,,,,,,,
5,19,Hatha Yoga Pradīpikā,"अथ आसनम
हठस्य परथमाङ्गत्वादासनं पूर्वमुछ्यते ।
कुर्यात्तदासनं सथैर्यमारोग्यं छाङ्ग लाघवम ॥","atha āsanam
hathasya prathamāngghatvādāsanaṃ pūrvamuchyate ।
kuryāttadāsanaṃ sthairyamāroghyaṃ chānggha lāghavam ॥ ","Being the first accessory of Hatha Yoga, aasana is described first. It should be practised for gaining steady posture, health and lightness of body.",What is the nineteenth shloka in Hatha Yoga Pradīpikā?,हठयोगप्रदीपिका का नवदश श्लोक क्या है?,"Being the first accessory of Hatha Yoga, aasana is described first. It should be practised for gaining steady posture, health and lightness of body.","आसन हठ योग का पहला अंग है। इसका अभ्यास स्थिर मुद्रा, अच्छा स्वास्थ्य और शरीर का हल्कापन प्राप्त करने के लिए किया जाना चाहिए।",https://gyanbharatam.com/manuscript/view?id=9f06fbc7-3682 4966-8d7c-8fb86aaa0275,,,,,,,,,,,
5,20,Hatha Yoga Pradīpikā,"वशिष्ह्ठाद्यैश्छ मुनिभिर्मत्स्येन्द्राद्यैश्छ योगिभिः ।
अङ्गीकॄतान्यासनानि कथ्यन्ते कानिछिन्मया ॥","vaśiṣhthādyaiścha munibhirmatsyendrādyaiścha yoghibhiḥ ।
angghīkṝtānyāsanāni kathyante kānichinmayā ॥","I am going to describe certain aasanas which have been adopted by Munîs like Vasiṣtha, etc., and Yogis like Matsyendra, etc.",What is the twentieth shloka in Hatha Yoga Pradīpikā?,हठयोगप्रदीपिका का विंशतिम श्लोक क्या है?,"I am going to describe certain aasanas which have been adopted by Munîs like Vasiṣtha, etc., and Yogis like Matsyendra, etc.",मैं अब उन आसनों का वर्णन करूँगा जिन्हें वशिष्ठ जैसे मुनियों और मत्स्येंद्र जैसे योगियों ने अपनाया था।,https://gyanbharatam.com/manuscript/view?id=9f06fbc7-3682 4966-8d7c-8fb86aaa0275,,,,,,,,,,,
5,21,Hatha Yoga Pradīpikā,"जानूर्वोरन्तरे सम्यक्कॄत्वा पाद तले उभे ।
ॠजु कायः समासीनः सवस्तिकं तत्प्रछक्ष्हते ॥","jānūrvorantare samyakkṝtvā pāda tale ubhe ।
ṝju kāyaḥ samāsīnaḥ savastikaṃ tatprachakṣhate ॥","Having kept both the hands under both the thighs, with the body straight, when one sits calmly in this posture, it is called Swastika.",What is the twenty-first shloka in Hatha Yoga Pradīpikā?,हठयोगप्रदीपिका का एकविंशतिम श्लोक क्या है?,"Having kept both the hands under both the thighs, with the body straight, when one sits calmly in this posture, it is called Swastika.",दोनों पैरों को जांघों और घुटनों के बीच रखें। शरीर को सीधा रखकर शांति से बैठें। इसे स्वस्तिकासन कहते हैं।,https://gyanbharatam.com/manuscript/view?id=9f06fbc7-3682 4966-8d7c-8fb86aaa0275,,,,,,,,,,,
5,22,Hatha Yoga Pradīpikā,"सव्ये दक्ष्हिण गुल्कं तु पॄष्ह्ठ पार्श्वे नियोजयेत ।
दक्ष्हिणे।अपि तथा सव्यं गोमुखं गोमुखाकॄतिः ॥ ","savye dakṣhiṇa gulkaṃ tu pṝṣhtha pārśve niyojayeta ।
dakṣhiṇe।api tathā savyaṃ gomukhaṃ gomukhākṝtiḥ ॥ ","Placing the right ankle on the left side and the left ankle on the right side, makes Gomukha aasana, having the appearance of a cow.",What is the twenty-second shloka in Hatha Yoga Pradīpikā?,हठयोगप्रदीपिका का द्वाविंशतिम श्लोक क्या है?,"Placing the right ankle on the left side and the left ankle on the right side, makes Gomukha aasana, having the appearance of a cow.","दाहिने टखने को बाईं ओर और बाएं टखने को दाहिनी ओर रखें। यह गाय के मुख जैसा दिखता है, इसलिए इसे गोमुखासन कहते हैं।",https://gyanbharatam.com/manuscript/view?id=9f06fbc7-3682 4966-8d7c-8fb86aaa0275,,,,,,,,,,,
5,23,Hatha Yoga Pradīpikā,"सव्ये दक्ष्हिण गुल्कं तु पॄष्ह्ठ पार्श्वे नियोजयेत ।
दक्ष्हिणे।अपि तथा सव्यं गोमुखं गोमुखाकॄतिः ॥","savye dakṣhiṇa gulkaṃ tu pṝṣhtha pārśve niyojayeta ।
dakṣhiṇe।api tathā savyaṃ gomukhaṃ gomukhākṝtiḥ ॥",One foot is to be placed on the thigh of the opposite side; and so also the other foot on the opposite thigh. This is called Vîraasana.,What is the twenty-third shloka in Hatha Yoga Pradīpikā?,हठयोगप्रदीपिका का त्रयोविंशतिम श्लोक क्या है?,One foot is to be placed on the thigh of the opposite side; and so also the other foot on the opposite thigh. This is called Vîraasana.,एक पैर को दूसरी जांघ पर रखें और दूसरे पैर को दूसरी जांघ पर। इसे वीरासन कहते हैं।,https://gyanbharatam.com/manuscript/view?id=9f06fbc7-3682 4966-8d7c-8fb86aaa0275,,,,,,,,,,,
5,24,Hatha Yoga Pradīpikā,"गुदं निरुध्य गुल्फाभ्यां वयुत्क्रमेण समाहितः ।
कूर्मासनं भवेदेतदिति योग विदो विदुः ॥","gudaṃ nirudhya gulphābhyāṃ vayutkrameṇa samāhitaḥ ।
kūrmāsanaṃ bhavedetaditi yoga vido viduḥ ॥","Placing the right ankle on the left side of anus, and the left ankle on the right side of it, makes what the Yogîs call Kûrma aasana.",What is the twenty-fourth shloka in Hatha Yoga Pradīpikā?,हठयोगप्रदीपिका का चतुर्विंशतिम श्लोक क्या है?,"Placing the right ankle on the left side of anus, and the left ankle on the right side of it, makes what the Yogîs call Kûrma aasana.",दाहिने टखने को गुदा के बाईं ओर और बाएं टखने को गुदा के दाहिनी ओर दबाकर रखें। इसे योगियों द्वारा कूर्मासन कहा जाता है।,https://gyanbharatam.com/manuscript/view?id=9f06fbc7-3682 4966-8d7c-8fb86aaa0275,,,,,,,,,,,
6,25,Hatha Yoga Pradīpikā,"पद्मासनं तु संस्थाप्य जानूर्वोरन्तरे करौ ।
निवेश्य भूमौ संस्थाप्य वयोमस्थं कुक्कुटासनम ॥","padmāsanaṃ tu saṃsthāpya jānūrvorantare karau ।
niveśya bhūmau saṃsthāpya vayomasthaṃ kukkutāsanama ॥","Taking the posture of Padma aasana and carrying the hands under the thighs, when the Yogî raises himself above the ground, with his palms resting on the ground, it becomes Kukkuta aasana.",What is the twenty-fifth shloka in Hatha Yoga Pradīpikā?,हठयोगप्रदीपिका का पंचविंशतिम श्लोक क्या है?,"Taking the posture of Padma aasana and carrying the hands under the thighs, when the Yogî raises himself above the ground, with his palms resting on the ground, it becomes Kukkuta aasana.",पद्मासन में बैठें। हाथों को जांघों और घुटनों के बीच डालें। हथेलियों के बल शरीर को जमीन से ऊपर उठाएं। यह कुक्कुटासन है।,https://gyanbharatam.com/manuscript/view?id=9f06fbc7-3682 4966-8d7c-8fb86aaa0275,,,,,,,,,,,
6,26,Hatha Yoga Pradīpikā,"कुक्कुटासन बन्ध सथो दोर्भ्यां सम्बद्य कन्धराम ।
भवेद्कूर्मवदुत्तान एतदुत्तान कूर्मकम ॥","kukkutāsana bandha satho dorbhyāṃ sambadya kandharāma ।
bhavedkūrmavaduttāna etaduttāna kūrmakama ॥","Having assumed Kukkuta aasana, when one grasps his neck by crossing his hands behind his head, and lies in this posture with his back touching the ground, it becomes Uttaana Kûrma aasana, from its appearance like that of a tortoise.",What is the twenty-sixth shloka in Hatha Yoga Pradīpikā?,हठयोगप्रदीपिका का षड्विंशतिम श्लोक क्या है?,"Having assumed Kukkuta aasana, when one grasps his neck by crossing his hands behind his head, and lies in this posture with his back touching the ground, it becomes Uttaana Kûrma aasana, from its appearance like that of a tortoise.","कुक्कुटासन की स्थिति से, पीठ के बल लेट जाएं और दोनों हाथों से गर्दन को पीछे पकड़ लें। यह पीठ के बल लेटे हुए कछुए जैसा दिखता है, इसे उत्तान कूर्मासन कहते हैं।",https://gyanbharatam.com/manuscript/view?id=9f06fbc7-3682 4966-8d7c-8fb86aaa0275,,,,,,,,,,,
6,27,Hatha Yoga Pradīpikā,"पादाङ्गुष्ह्ठौ तु पाणिभ्यां गॄहीत्वा शरवणावधि ।
धनुराकर्ष्हणं कुर्याद्धनुर आसनमुछ्यते ॥","pādāṅguṣhthau tu pāṇibhyāṃ gṝhītvā śaravaṇāvadhi ।
dhanurākarṣhaṇaṃ kuryāddhanura āsanamuchyate ॥","Having caught the toes of the feet with both the hands and carried them to the ears by drawing the body like a bow, it becomes Dhanura aasana.",What is the twenty-seventh shloka in Hatha Yoga Pradīpikā?,हठयोगप्रदीपिका का सप्तविंशतिम श्लोक क्या है?,"Having caught the toes of the feet with both the hands and carried them to the ears by drawing the body like a bow, it becomes Dhanura aasana.","दोनों हाथों से पैरों के अंगूठों को पकड़ें और उन्हें कानों तक खींचें, जिससे शरीर धनुष की तरह मुड़ जाए। इसे धनुरासन कहते हैं।",https://gyanbharatam.com/manuscript/view?id=9f06fbc7-3682 4966-8d7c-8fb86aaa0275,,,,,,,,,,,
6,28,Hatha Yoga Pradīpikā,"वामोरु मूलार्पित दक्ष्ह पादं
जानोर्बहिर्वेष्ह्टित वाम पादम ।
परगॄह्य तिष्ह्ठेत्परिवर्तिताङ्गः
शरी मत्य्सनाथोदितमासनं सयात ॥","vāmoru mūlārpita dakṣha pādaṃ
jānorbahirveṣhtita vāma pādam ।
praghṝhya tiṣhthetparivartitāngghaḥ
śrī matysanāthoditamāsanaṃ syāt ॥","Having placed the right foot at the root of the left thigh, let the toe be grasped with the right hand passing over the back, and having placed the left foot on the right thigh at its root, let it be grasped with the left hand passing behind the back. This is the aasana, as explained by Śri Matsyanaatha.",What is the twenty-eighth shloka in Hatha Yoga Pradīpikā?,हठयोगप्रदीपिका का अष्टाविंशतिम श्लोक क्या है?,"Having placed the right foot at the root of the left thigh, let the toe be grasped with the right hand passing over the back, and having placed the left foot on the right thigh at its root, let it be grasped with the left hand passing behind the back. This is the aasana, as explained by Śri Matsyanaatha.",दाहिने पैर को बाईं जांघ के मूल में रखें। शरीर को मोड़ें और पीठ के पीछे से बायां हाथ ले जाकर दाहिने पैर के अंगूठे को पकड़ें। यही क्रिया दूसरी तरफ भी करें। यह श्री मत्स्यनाथ द्वारा बताया गया आसन है।,https://gyanbharatam.com/manuscript/view?id=9f06fbc7-3682 4966-8d7c-8fb86aaa0275,,,,,,,,,,,
6,29,Hatha Yoga Pradīpikā,"मत्स्येन्द्र पीठं जठर परदीप्तिं
परछण्ड रुग्मण्डल खण्डनास्त्रम ।
अभ्यासतः कुण्डलिनी परबोधं
छन्द्र सथिरत्वं छ ददाति पुंसाम ॥ ","matsyendra pīthaṃ jathara pradīptiṃ
prachaṇḍa rughmaṇḍala khaṇḍanāstram ।
abhyāsataḥ kuṇḍalinī prabodhaṃ
chandra sthiratvaṃ cha dadāti puṃsām ॥","It increases appetite and is an instrument for destroying the group of the most deadly diseases. Its practice awakens the Kundalinî, stops the nectar shedding from the moon in people.",What is the twenty-ninth shloka in Hatha Yoga Pradīpikā?,हठयोगप्रदीपिका का नवविंशतिम श्लोक क्या है?,"It increases appetite and is an instrument for destroying the group of the most deadly diseases. Its practice awakens the Kundalinî, stops the nectar shedding from the moon in people.",यह आसन भूख बढ़ाता है और भयानक रोगों को नष्ट करता है। यह कुंडली शक्ति को जागृत करता है और शरीर में चंद्र अमृत को स्थिर करता है।,https://gyanbharatam.com/manuscript/view?id=9f06fbc7-3682 4966-8d7c-8fb86aaa0275,,,,,,,,,,,
6,30,Hatha Yoga Pradīpikā,"परसार्य पादौ भुवि दण्ड रूपौ
दोर्भ्यां पदाग्र दवितयं गॄहीत्वा ।
जानूपरिन्यस्त ललाट देशो
वसेदिदं पश्छिमतानमाहुः ॥","parasārya pādau bhuvi daṇḍa rūpau
dorbhyāṃ padāgra davitayaṃ gṝhītvā ।
jānūparinyasta lalāta deśo
vasedidaṃ paśchimatānamāhuḥ ॥","Having stretched the feet on the ground, like a stick, and having grasped the toes of both the feet with both the hands, when one sits with his forehead resting on the thighs, it is called Paśchima Taana.",What is the thirtieth shloka in Hatha Yoga Pradīpikā?,हठयोगप्रदीपिका का त्रिंशत्तम श्लोक क्या है?,"Having stretched the feet on the ground, like a stick, and having grasped the toes of both the feet with both the hands, when one sits with his forehead resting on the thighs, it is called Paśchima Taana.",दोनों पैरों को डंडे की तरह सीधा फैलाएं। दोनों हाथों से पैर के अंगूठों को पकड़ें और माथे को घुटनों पर टिका दें। इसे पश्चिमोत्तानासन कहते हैं।,https://gyanbharatam.com/manuscript/view?id=9f06fbc7-3682 4966-8d7c-8fb86aaa0275,,,,,,,,,,,
6,31,Hatha Yoga Pradīpikā,"इति पश्छिमतानमासनाग्र्यं
पवनं पश्छिम वाहिनं करोति ।
उदयं जठरानलस्य कुर्याद
उदरे कार्श्यमरोगतां छ पुंसाम ॥","iti paśchimatānamāsanāgryaṃ
pavanaṃ paśchima vāhinaṃ karoti ।
udayaṃ jatharānalasya kuryāda
udare kārśyamarogatāṃ cha puṃsāma ॥","This Paschima Taana carries the air from the front to the back part of the body i.e., to the suṣumna. It kindles gastric fire, reduces obesity and cures all diseases of men.

",What is the thirty-first shloka in Hatha Yoga Pradīpikā?,हठयोगप्रदीपिका का एकत्रिंशत्तम श्लोक क्या है?,"This Paschima Taana carries the air from the front to the back part of the body i.e., to the suṣumna. It kindles gastric fire, reduces obesity and cures all diseases of men.

","यह आसन प्राण वायु को सुषुम्ना नाड़ी में प्रवाहित करता है। यह जठराग्नि (पाचन) को तेज करता है, मोटापा कम करता है और रोगों को ठीक करता है।",https://gyanbharatam.com/manuscript/view?id=9f06fbc7-3682 4966-8d7c-8fb86aaa0275,,,,,,,,,,,
7,32,Hatha Yoga Pradīpikā,"धरामवष्ह्टभ्य कर दवयेन
तत कूर्पर सथापित नाभि पार्श्वः ।
उछ्छासनो दण्डवदुत्थितः खे
मायूरमेतत्प्रवदन्ति पीठम ॥","dharāmavaṣhtabhya kara davayena
tata kūrpara sathāpita nābhi pārśvaḥ ।
uchchāsano daṇḍavadutthitaḥ khe
māyūrametatpravadanti pīthama ॥","Place the palms of both the hands on the ground, and place the navel on both the elbows and balancing thus, the body should be stretched backward like a stick. This is called Mayûra aasana.",What is the thirty-second shloka in Hatha Yoga Pradīpikā?,हठयोगप्रदीपिका का द्वात्रिंशत्तम श्लोक क्या है?,"Place the palms of both the hands on the ground, and place the navel on both the elbows and balancing thus, the body should be stretched backward like a stick. This is called Mayûra aasana.",दोनों हथेलियों को जमीन पर रखें। नाभि को कोहनियों पर टिकाएं। शरीर को डंडे की तरह हवा में सीधा संतुलित करें। इसे मयूरासन कहते हैं।,https://gyanbharatam.com/manuscript/view?id=9f06fbc7-3682 4966-8d7c-8fb86aaa0275,,,,,,,,,,,
7,33,Hatha Yoga Pradīpikā,"हरति सकल रोगानाशु गुल्मोदरादीन
अभिभवति छ दोष्हानासनं शरी मयूरम ।
बहु कदशन भुक्तं भस्म कुर्यादशेष्हं
जनयति जठराग्निं जारयेत्काल कूटम ॥","harati sakala rogānāśu gulmodarādīna
abhibhavati cha doṣhānāsanaṃ śarī mayūrama ।
bahu kadaśana bhuktaṃ bhasma kuryādaśeṣhaṃ
janayati jatharāgniṃ jārayetkāla kūtama ॥","This aasana soon destroys all diseases, and removes abdominal disorders, and also those arising from irregularities of phlegm, bile and wind, digests unwholesome food taken in excess, increases appetite and destroys the most deadly poison.",What is the thirty-third shloka in Hatha Yoga Pradīpikā?,हठयोगप्रदीपिका का त्रयस्त्रिंशत्तम श्लोक क्या है?,"This aasana soon destroys all diseases, and removes abdominal disorders, and also those arising from irregularities of phlegm, bile and wind, digests unwholesome food taken in excess, increases appetite and destroys the most deadly poison.","यह आसन पेट के रोगों, कफ, पित्त और वायु के दोषों को शीघ्र नष्ट करता है। यह अधिक या खराब भोजन को पचा देता है और विष को भी नष्ट कर देता है।",https://gyanbharatam.com/manuscript/view?id=9f06fbc7-3682 4966-8d7c-8fb86aaa0275,,,,,,,,,,,
7,34,Hatha Yoga Pradīpikā,"उत्तानं शबवद्भूमौ शयनं तछ्छवासनम ।
शवासनं शरान्ति हरं छित्त विश्रान्ति कारकम ॥","uttānaṃ śabavadbhūmau śayanaṃ tachchavāsanama ।
śavāsanaṃ śarānti haraṃ chitta viśrānti kārakama ॥","Lying down on the ground, like a corpse, is called Shava aasana. It removes fatigue and gives rest to the mind.",What is the thirty-fourth shloka in Hatha Yoga Pradīpikā?,हठयोगप्रदीपिका का चतुस्त्रिंशत्तम श्लोक क्या है?,"Lying down on the ground, like a corpse, is called Shava aasana. It removes fatigue and gives rest to the mind.",मृत शरीर की तरह जमीन पर सीधा लेट जाना शवासन कहलाता है। यह थकान को दूर करता है और मन को शांति देता है।,https://gyanbharatam.com/manuscript/view?id=9f06fbc7-3682 4966-8d7c-8fb86aaa0275,,,,,,,,,,,
7,35,Hatha Yoga Pradīpikā,"छतुरशीत्यासनानि शिवेन कथितानि छ ।
तेभ्यश्छतुष्ह्कमादाय सारभूतं बरवीम्यहम ॥","chaturaśītyāsanāni śivena kathitāni cha ।
tebhyaśchatuṣhkamādāya sārabhūtaṃ bravīmyaham ॥","Shiva taught eighty four aasanas. Of these the first four being essential ones, I am going to explain them here.",What is the thirty-fifth shloka in Hatha Yoga Pradīpikā?,हठयोगप्रदीपिका का पंचत्रिंशत्तम श्लोक क्या है?,"Shiva taught eighty four aasanas. Of these the first four being essential ones, I am going to explain them here.","शिव ने 84 आसनों का उपदेश दिया। मैं उनमें से चार सबसे आवश्यक आसनों का वर्णन करूँगा। ये चार हैं: सिद्धासन, पद्मासन, सिंहासन और भद्रासन।",https://gyanbharatam.com/manuscript/view?id=9f06fbc7-3682 4966-8d7c-8fb86aaa0275,,,,,,,,,,,
7,36,Hatha Yoga Pradīpikā,"सिद्धं पद्मं तथा सिंहं भद्रं वेति छतुष्ह्टयम ।
शरेष्ह्ठं तत्रापि छ सुखे तिष्ह्ठेत्सिद्धासने सदा ॥","siddhaṃ padmaṃ tathā siṃhaṃ bhadraṃ veti chatuṣhtayam ।
śreṣhthaṃ tatrāpi cha sukhe tiṣhthetsiddhāsane sadā ॥","These four are: The Siddha, Padma, Sinha and Bhadra. Even of these, the Siddha aasana, being very comfortable, one should always practise it.",What is the thirty-sixth shloka in Hatha Yoga Pradīpikā?,हठयोगप्रदीपिका का षट्त्रिंशत्तम श्लोक क्या है?,"These four are: The Siddha, Padma, Sinha and Bhadra. Even of these, the Siddha aasana, being very comfortable, one should always practise it.",इनमें से भी सिद्धासन सबसे आरामदायक है और इसका अभ्यास हमेशा करना चाहिए।,https://gyanbharatam.com/manuscript/view?id=9f06fbc7-3682 4966-8d7c-8fb86aaa0275,,,,,,,,,,,
7,37,Hatha Yoga Pradīpikā,"अथ सिद्धासनम
योनि सथानकमङ्घ्रि मूल घटितं कॄत्वा दॄढं विन्यसेत
मेण्ढ्रे पादमथैकमेव हॄदये कॄत्वा हनुं सुस्थिरम ।
सथाणुः संयमितेन्द्रियो।अछल दॄशा पश्येद्भ्रुवोरन्तरं
हयेतन्मोक्ष्ह कपाट भेद जनकं सिद्धासनं परोछ्यते ॥","atha siddhāsanama
yoni sathānakamaṅghri mūla ghatitaṃ kṝtvā dṝḍhaṃ vinyaseta
meṇḍhre pādamathaikameva hṝdaye kṝtvā hanuṃ susthirama ।
sathāṇuḥ saṃyamitendriyo।achala dṝśā paśyedbhruvorantaraṃ
hayetanmokṣha kapāta bheda janakaṃ siddhāsanaṃ parochyate ॥","Press firmly the heel of the left foot against the perineum, and the right heel above the male organ. With the chin pressing on the chest, one should sit calmly, having restrained the senses, and gaze steadily the space between the eyebrows. This is called the Siddha aasana, the opener of the door of salvation.",What is the thirty-seventh shloka in Hatha Yoga Pradīpikā?,हठयोगप्रदीपिका का सप्तत्रिंशत्तम श्लोक क्या है?,"Press firmly the heel of the left foot against the perineum, and the right heel above the male organ. With the chin pressing on the chest, one should sit calmly, having restrained the senses, and gaze steadily the space between the eyebrows. This is called the Siddha aasana, the opener of the door of salvation.","बाईं एड़ी को सिवनी (perineum) पर जोर से दबाएं। दाहिनी एड़ी को जननांग के ठीक ऊपर रखें। थोड़ी (chin) को छाती से लगाएं, इंद्रियों को संयमित करें और दोनों भौहों के बीच स्थिर दृष्टि रखें। यह सिद्धासन है।",https://gyanbharatam.com/manuscript/view?id=9f06fbc7-3682 4966-8d7c-8fb86aaa0275,,,,,,,,,,,
7,38,Hatha Yoga Pradīpikā,"मेण्ढ्रादुपरि विन्यस्य सव्यं गुल्फं तथोपरि ।
गुल्फान्तरं छ निक्ष्हिप्य सिद्धासनमिदं भवेत ॥","meṇḍhrādupari vinyasya savyaṃ ghulphaṃ tathopari ।
ghulphāntaraṃ cha nikṣhipya siddhāsanamidaṃ bhavet ॥","This Siddhaasana is performed also by placing the left heel on Meḍhra above the male organ, and then placing the right one on it.",What is the thirty-eighth shloka in Hatha Yoga Pradīpikā?,हठयोगप्रदीपिका का अष्टत्रिंशत्तम श्लोक क्या है?,"This Siddhaasana is performed also by placing the left heel on Meḍhra above the male organ, and then placing the right one on it.",सिद्धासन करने का दूसरा तरीका यह है कि बाईं एड़ी को जननांग के ऊपर रखें और फिर दाहिनी एड़ी को उसके ऊपर रखें।,https://gyanbharatam.com/manuscript/view?id=9f06fbc7-3682 4966-8d7c-8fb86aaa0275,,,,,,,,,,,
8,39,Hatha Yoga Pradīpikā,"एतत्सिद्धासनं पराहुरन्ये वज्रासनं विदुः ।
मुक्तासनं वदन्त्येके पराहुर्गुप्तासनं परे ॥ ","etatsiddhāsanaṃ prāhuranye vajrāsanaṃ viduḥ ।
muktāsanaṃ vadantyeke prāhurghuptāsanaṃ pare ॥","Some call this Siddhaasana, some Vajraasana. Others call it Mukta aasana or Gupta aasana.",What is the thirty-ninth shloka in Hatha Yoga Pradīpikā?,हठयोगप्रदीपिका का नवत्रिंशत्तम श्लोक क्या है?,"Some call this Siddhaasana, some Vajraasana. Others call it Mukta aasana or Gupta aasana.","कुछ इसे सिद्धासन, वज्रासन, मुक्तासन या गुप्तासन कहते हैं।",https://gyanbharatam.com/manuscript/view?id=9f06fbc7-3682 4966-8d7c-8fb86aaa0275,,,,,,,,,,,
8,40,Hatha Yoga Pradīpikā,"यमेष्ह्विव मिताहारमहिंसा नियमेष्ह्विव ।
मुख्यं सर्वासनेष्ह्वेकं सिद्धाः सिद्धासनं विदुः ॥","yameṣhviva mitāhāramahiṃsā niyameṣhviva ।
mukhyaṃ sarvāsaneṣhvekaṃ siddhāḥ siddhāsanaṃ viduḥ ॥ ","Just as sparing food is among Yamas, and Ahiṃsaa among the Niyamas, so is Siddhaasana called by adepts the chief of all the aasanas.",What is the fortieth shloka in Hatha Yoga Pradīpikā?,हठयोगप्रदीपिका का चत्वारिंशत्तम श्लोक क्या है?,"Just as sparing food is among Yamas, and Ahiṃsaa among the Niyamas, so is Siddhaasana called by adepts the chief of all the aasanas.","जैसे यमों में मिताहार और नियमों में अहिंसा सबसे मुख्य है, वैसे ही आसनों में सिद्धासन मुख्य है।",https://gyanbharatam.com/manuscript/view?id=9f06fbc7-3682 4966-8d7c-8fb86aaa0275,,,,,,,,,,,
8,41,Hatha Yoga Pradīpikā,"छतुरशीति पीठेष्हु सिद्धमेव सदाभ्यसेत ।
दवासप्तति सहस्राणां नाडीनां मल शोधनम ॥","chaturaśīti pītheṣhu siddhameva sadābhyaset ।
dvāsaptati sahasrāṇāṃ nāḍīnāṃ mala śodhanam ॥","Out of the eighty four aasanas Siddhaasana should always be practised, because it cleanses the impurities of seventy two thousand naadis.",What is the forty-first shloka in Hatha Yoga Pradīpikā?,हठयोगप्रदीपिका का एकचत्वारिंशत्तम श्लोक क्या है?,"Out of the eighty four aasanas Siddhaasana should always be practised, because it cleanses the impurities of seventy two thousand naadis.","84 आसनों में से सिद्धासन का अभ्यास हमेशा करना चाहिए क्योंकि यह 72,000 नाड़ियों की अशुद्धियों को साफ करता है।",https://gyanbharatam.com/manuscript/view?id=9f06fbc7-3682 4966-8d7c-8fb86aaa0275,,,,,,,,,,,
8,42,Hatha Yoga Pradīpikā,"आत्म धयायी मिताहारी यावद्द्वादश वत्सरम ।
सदा सिद्धासनाभ्यासाद्योगी निष्ह्पत्तिमाप्नुयात ॥","ātma dhyāyī mitāhārī yāvaddvādaśa vatsaram ।
sadā siddhāsanābhyāsādyoghī niṣhpattimāpnuyāt ॥","By contemplating on oneself, by eating sparingly, and by practising Siddhaasana for twelve years, the Yogi obtains success.",What is the forty-second shloka in Hatha Yoga Pradīpikā?,हठयोगप्रदीपिका का द्विचत्वारिंशत्तम श्लोक क्या है?,"By contemplating on oneself, by eating sparingly, and by practising Siddhaasana for twelve years, the Yogi obtains success.","आत्म-चिंतन, मिताहार और 12 वर्षों तक सिद्धासन के अभ्यास से योगी को सफलता मिलती है।",https://gyanbharatam.com/manuscript/view?id=9f06fbc7-3682 4966-8d7c-8fb86aaa0275,,,,,,,,,,,
8,43,Hatha Yoga Pradīpikā,"किमन्यैर्बहुभिः पीठैः सिद्धे सिद्धासने सति ।
पराणानिले सावधाने बद्धे केवल कुम्भके ।
उत्पद्यते निरायासात्स्वयमेवोन्मनी कला ॥ ","kimanyairbahubhiḥ pīthaiḥ siddhe siddhāsane sati ।
prāṇānile sāvadhāne baddhe kevala kumbhake ।
utpadyate nirāyāsātsvayamevonmanī kalā ॥","Other postures are of no use, when success has been achieved in Siddhaasana, and Praaṇa Vaayu becomes calm and restrained by Kevala Kumbhaka.",What is the forty-third shloka in Hatha Yoga Pradīpikā?,हठयोगप्रदीपिका का त्रिचत्वारिंशत्तम श्लोक क्या है?,"Other postures are of no use, when success has been achieved in Siddhaasana, and Praaṇa Vaayu becomes calm and restrained by Kevala Kumbhaka.","जब सिद्धासन सिद्ध हो जाता है, तो अन्य आसनों की आवश्यकता नहीं होती। प्राण वायु अपने आप शांत हो जाती है और बिना प्रयास के केवल कुंभक लग जाता है।",https://gyanbharatam.com/manuscript/view?id=9f06fbc7-3682 4966-8d7c-8fb86aaa0275,,,,,,,,,,,
8,44,Hatha Yoga Pradīpikā,"तथैकास्मिन्नेव दॄढे सिद्धे सिद्धासने सति ।
बन्ध तरयमनायासात्स्वयमेवोपजायते ॥","tathaikāsminneva dṝḍhe siddhe siddhāsane sati ।
bandha trayamanāyāsātsvayamevopajāyate ॥","Success in one Siddhaasana alone becoming firmly established, one gets Unmanî at once, and the three bonds Bandhas are accomplished of themselves.",What is the forty-fourth shloka in Hatha Yoga Pradīpikā?,हठयोगप्रदीपिका का चतुश्चत्वारिंशत्तम श्लोक क्या है?,"Success in one Siddhaasana alone becoming firmly established, one gets Unmanî at once, and the three bonds Bandhas are accomplished of themselves.",एक सिद्धासन के सिद्ध होने पर मन उन्मनी अवस्था (शून्य) में चला जाता है और तीनों बंध अपने आप लग जाते हैं।,https://gyanbharatam.com/manuscript/view?id=9f06fbc7-3682 4966-8d7c-8fb86aaa0275,,,,,,,,,,,
8,45,Hatha Yoga Pradīpikā,"नासनं सिद्ध सदॄशं न कुम्भः केवलोपमः ।
न खेछरी समा मुद्रा न नाद सदॄशो लयः ॥","nāsanaṃ siddha sadṝśaṃ na kumbhaḥ kevalopamaḥ ।
na khecharī samā mudrā na nāda sadṝśo layaḥ ॥",There is no aasana like the Siddhaasana and no Kumbhaka like the Kevala. There is no mudraa like the Khechari and no laya like the Naada Anaahata Naada.,What is the forty-fifth shloka in Hatha Yoga Pradīpikā?,हठयोगप्रदीपिका का पंचचत्वारिंशत्तम श्लोक क्या है?,There is no aasana like the Siddhaasana and no Kumbhaka like the Kevala. There is no mudraa like the Khechari and no laya like the Naada Anaahata Naada.,"सिद्धासन जैसा कोई आसन नहीं, केवल कुंभक जैसा कोई कुंभक नहीं, खेचरी जैसी कोई मुद्रा नहीं और नाद (आंतरिक ध्वनि) जैसा कोई लय नहीं है।",https://gyanbharatam.com/manuscript/view?id=9f06fbc7-3682 4966-8d7c-8fb86aaa0275,,,,,,,,,,,
9,46,Hatha Yoga Pradīpikā,"अथ पद्मासनम
वामोरूपरि दक्ष्हिणं छ छरणं संस्थाप्य वामं तथा
दक्ष्होरूपरि पश्छिमेन विधिना धॄत्वा कराभ्यां दॄढम ।
अङ्गुष्ह्ठौ हॄदये निधाय छिबुकं नासाग्रमालोकयेत
एतद्व्याधि विनाश कारि यमिनां पद्मासनं परोछ्यते ॥","atha padmāsanam
vāmorūpari dakṣhiṇaṃ cha charaṇaṃ saṃsthāpya vāmaṃ tathā
dakṣhorūpari paśchimena vidhinā dhṝtvā karābhyāṃ dṝḍham ।
angghuṣhthau hṝdaye nidhāya chibukaṃ nāsāghramālokayet
etadvyādhi vināśa kāri yamināṃ padmāsanaṃ prochyate ॥","Place the right foot on the left thigh and the left foot on the right thigh, and grasp the toes with the hands crossed over the back. Press the chin against the chest and gaze on the tip of the nose. This is called the Padmaasana, the destroyer of the diseases of the Yamîs.",What is the forty-sixth shloka in Hatha Yoga Pradīpikā?,हठयोगप्रदीपिका का षट्चत्वारिंशत्तम श्लोक क्या है?,"Place the right foot on the left thigh and the left foot on the right thigh, and grasp the toes with the hands crossed over the back. Press the chin against the chest and gaze on the tip of the nose. This is called the Padmaasana, the destroyer of the diseases of the Yamîs.",दाहिने पैर को बाईं जांघ पर और बाएं पैर को दाहिनी जांघ पर रखें। हाथों को पीठ के पीछे से क्रॉस करके पैरों के अंगूठों को पकड़ें। थोड़ी को छाती से लगाएं और नाक के अग्रभाग (टिप) को देखें। यह पद्मासन है।,https://gyanbharatam.com/manuscript/view?id=9f06fbc7-3682 4966-8d7c-8fb86aaa0275,,,,,,,,,,,
9,47,Hatha Yoga Pradīpikā,"उत्तानौ छरणौ कॄत्वा ऊरु संस्थौ परयत्नतः ।
ऊरु मध्ये तथोत्तानौ पाणी कॄत्वा ततो दॄशौ ॥","uttānau charaṇau kṝtvā ūru saṃsthau prayatnataḥ ।
ūru madhye tathottānau pāṇī kṝtvā tato dṝśau ॥","Place the feet on the thighs, with the soles upwards, and place the hands on the thighs, with the palms upwards.

",What is the forty-seventh shloka in Hatha Yoga Pradīpikā?,हठयोगप्रदीपिका का सप्तचत्वारिंशत्तम श्लोक क्या है?,"Place the feet on the thighs, with the soles upwards, and place the hands on the thighs, with the palms upwards.

","या फिर, पैरों को जांघों पर तलवे ऊपर करके रखें। हाथों को भी हथेलियां ऊपर करके जांघों पर रखें। नाक के अग्रभाग को देखें, जीभ को ऊपर के दांतों की जड़ में लगाएं, थोड़ी को छाती से लगाएं और धीरे-धीरे अपान वायु को ऊपर खींचें।",https://gyanbharatam.com/manuscript/view?id=9f06fbc7-3682 4966-8d7c-8fb86aaa0275,,,,,,,,,,,
9,48,Hatha Yoga Pradīpikā,"नासाग्रे विन्यसेद्राजद अन्त मूले तु जिह्वया ।
उत्तम्भ्य छिबुकं वक्ष्हस्युत्थाप्य पवनं शनैः ॥","nāsāghre vinyasedrājad anta mūle tu jihvayā ।
uttambhya chibukaṃ vakṣhasyutthāpy pavanaṃ śanaiḥ ॥","Gaze on the tip of the nose, keeping the tongue pressed against the root of the teeth of the upper jaw, and the chin against the chest, and raise the air up slowly, i.e., pull the apaana vaayû gently upwards.",What is the forty-eighth shloka in Hatha Yoga Pradīpikā?,हठयोगप्रदीपिका का अष्टचत्वारिंशत्तम श्लोक क्या है?,"Gaze on the tip of the nose, keeping the tongue pressed against the root of the teeth of the upper jaw, and the chin against the chest, and raise the air up slowly, i.e., pull the apaana vaayû gently upwards.",इसे भी पद्मासन कहते हैं। यह सभी रोगों को नष्ट करता है। यह प्राप्त करना कठिन है लेकिन बुद्धिमान लोग इसे सीख सकते हैं।,https://gyanbharatam.com/manuscript/view?id=9f06fbc7-3682 4966-8d7c-8fb86aaa0275,,,,,,,,,,,
9,49,Hatha Yoga Pradīpikā,"इदं पद्मासनं परोक्तं सर्व वयाधि विनाशनम ।
दुर्लभं येन केनापि धीमता लभ्यते भुवि ॥","idaṃ padmāsanaṃ proktaṃ sarva vyādhi vināśanam ।
durlabhaṃ yena kenāpi dhīmatā labhyate bhuvi ॥","This is called the Padmaasana, the destroyer of all diseases. It is difficult of attainment by everybody, but can be learnt by intelligent people in this world.",What is the forty-ninth shloka in Hatha Yoga Pradīpikā?,हठयोगप्रदीपिका का नवचत्वारिंशत्तम श्लोक क्या है?,"This is called the Padmaasana, the destroyer of all diseases. It is difficult of attainment by everybody, but can be learnt by intelligent people in this world.",पद्मासन में बैठकर हाथों को गोद में रखें। थोड़ी को छाती से लगाएं (जालंधर बंध)। ईश्वर का ध्यान करें। अपान वायु को ऊपर खींचें और प्राण वायु को नीचे धकेलें ताकि वे नाभि में मिल जाएं। इससे कुंडली जागृत होती है।,https://gyanbharatam.com/manuscript/view?id=9f06fbc7-3682 4966-8d7c-8fb86aaa0275,,,,,,,,,,,
9,50,Hatha Yoga Pradīpikā,"कॄत्वा सम्पुटितौ करौ दॄढतरं बद्ध्वा तु पद्ममासनं
गाढं वक्ष्हसि सन्निधाय छिबुकं धयायंश्छ तछ्छेतसि ।
वारं वारमपानमूर्ध्वमनिलं परोत्सारयन्पूरितं
नयञ्छन्प्राणमुपैति बोधमतुलं शक्ति परभावान्नरः ॥","kṝtvā samputitau karau dṝḍhataraṃ baddhvā tu padmamāsanaṃ
ghāḍhaṃ vakṣhasi sannidhāya chibukaṃ dhyāyaṃścha tachchetasi ।
vāraṃ vāramapānamūrdhvamanilaṃ protsārayanpūritaṃ
nyañchanprāṇamupaiti bodhamatulaṃ śakti prabhāvānnaraḥ ॥","Having kept both the hands together in the lap, performing the Padmaasana firmly, keeping the chin Fixed to the chest and contemplating on Him in the mind, by drawing the apaana vaayû up (performing Mûla Bandha) and pushing down the air after inhaling it, joining thus the praaṇa and apaana in the navel, one gets the highest intelligence by awakening the śakti kundalinî thus.",What is the fiftieth shloka in Hatha Yoga Pradīpikā?,हठयोगप्रदीपिका का पञ्चाशत्तम श्लोक क्या है?,"Having kept both the hands together in the lap, performing the Padmaasana firmly, keeping the chin Fixed to the chest and contemplating on Him in the mind, by drawing the apaana vaayû up (performing Mûla Bandha) and pushing down the air after inhaling it, joining thus the praaṇa and apaana in the navel, one gets the highest intelligence by awakening the śakti kundalinî thus.","दोनों हाथों को गोद में एक साथ रखने के बाद, दृढ़ता से पद्मासन करना, ठोड़ी को छाती पर टिका कर रखना और मन में उस पर विचार करना, अपान वायु को ऊपर खींचकर (मूल बंधन करके) और सांस लेने के बाद हवा को नीचे धकेलना, इस प्रकार नाभि में प्राण और अपान को जोड़ना, इस प्रकार शक्ति कुंडलिणी को जागृत करके व्यक्ति को उच्चतम बुद्धि मिलती है।",https://gyanbharatam.com/manuscript/view?id=9f06fbc7-3682 4966-8d7c-8fb86aaa0275,,,,,,,,,,,
9,51,Hatha Yoga Pradīpikā,"पद्मासने सथितो योगी नाडी दवारेण पूरितम ।
मारुतं धारयेद्यस्तु स मुक्तो नात्र संशयः ॥","padmāsane sthito yoghī nāḍī dvāreṇa pūritam ।
mārutaṃ dhārayedyastu sa mukto nātra saṃśayaḥ ॥","The Yogî who, sitting with Padmaasana, can control breathing, there is no doubt, is free from bondage.",What is the fifty-first shloka in Hatha Yoga Pradīpikā?,हठयोगप्रदीपिका का एकपञ्चाशत्तम श्लोक क्या है?,"The Yogî who, sitting with Padmaasana, can control breathing, there is no doubt, is free from bondage.","जो योगी पद्मासन में बैठकर अपनी श्वास को नियंत्रित कर सकता है, वह निःसंदेह बंधनों से मुक्त हो जाता है।",https://gyanbharatam.com/manuscript/view?id=9f06fbc7-3682 4966-8d7c-8fb86aaa0275,,,,,,,,,,,
10,52,Hatha Yoga Pradīpikā,"अथ सिंहासनम
गुल्फौ छ वॄष्हणस्याधः सीवन्त्याः पार्श्वयोः कष्हिपेत ।
दक्ष्हिणे सव्य गुल्फं तु दक्ष्ह गुल्फं तु सव्यके ॥","atha siṃhāsanam
ghulphau cha vṝṣhaṇasyādhaḥ sīvantyāḥ pārśvayoḥ kṣhipet ।
dakṣhiṇe savya ghulphaṃ tu dakṣha ghulphaṃ tu savyake ॥","Press the heels on both sides of the seam of Perineum, in such a way that the left heel touches the right side and the right heel touches the left side of it.",What is the fifty-second shloka in Hatha Yoga Pradīpikā?,हठयोगप्रदीपिका का द्विपञ्चाशत्तम श्लोक क्या है?,"Press the heels on both sides of the seam of Perineum, in such a way that the left heel touches the right side and the right heel touches the left side of it.",एड़ियों को अंडकोष के नीचे रखें—बाईं एड़ी दाहिनी ओर और दाहिनी एड़ी बाईं ओर। ,https://gyanbharatam.com/manuscript/view?id=9f06fbc7-3682 4966-8d7c-8fb86aaa0275,,,,,,,,,,,
10,53,Hatha Yoga Pradīpikā,"हस्तौ तु जान्वोः संस्थाप्य सवाङ्गुलीः सम्प्रसार्य छ ।
वयात्त वक्तो निरीक्ष्हेत नासाग्रं सुसमाहितः ॥","hastau tu jānvoḥ saṃsthāpya svāngghulīḥ samprasārya cha ।
vyātta vakto nirīkṣheta nāsāghraṃ susamāhitaḥ ॥ ","Place the hands on the thighs, with stretched fingers, and keeping the mouth open and the mind collected, gaze on the tip of the nose.",What is the fifty-third shloka in Hatha Yoga Pradīpikā?,हठयोगप्रदीपिका का त्रिपञ्चाशत्तम श्लोक क्या है?,"Place the hands on the thighs, with stretched fingers, and keeping the mouth open and the mind collected, gaze on the tip of the nose."," हाथों को घुटनों पर रखें और उंगलियां फैलाएं। मुंह खुला रखें, दृष्टि को नाक के अग्रभाग पर रखें।",https://gyanbharatam.com/manuscript/view?id=9f06fbc7-3682 4966-8d7c-8fb86aaa0275,,,,,,,,,,,
10,54,Hatha Yoga Pradīpikā,"सिंहासनं भवेदेतत्पूजितं योगि पुणगवैः ।
बन्ध तरितय सन्धानं कुरुते छासनोत्तमम ॥","siṃhāsanaṃ bhavedetatpūjitaṃ yoghi pungghavaiḥ ।
bandha tritaya sandhānaṃ kurute chāsanottamam ॥","This is Siṃhaasana, held sacred by the best of Yogîs. This excellent aasana effects the completion of the three Bandhas and The Mûlabandha, Kantha or Jaalandhar Bandha and Uḍḍiyaana Bandha.",What is the fifty-fourth shloka in Hatha Yoga Pradīpikā?,हठयोगप्रदीपिका का चतुर्पञ्चाशत्तम श्लोक क्या है?,"This is Siṃhaasana, held sacred by the best of Yogîs. This excellent aasana effects the completion of the three Bandhas and The Mûlabandha, Kantha or Jaalandhar Bandha and Uḍḍiyaana Bandha.","यह सिंहासन है, जो श्रेष्ठ योगियों को प्रिय है। यह तीनों बंधों (मूल बंध, जालंधर बंध, उड्डियान बंध) को लगाने में सहायक है।",https://gyanbharatam.com/manuscript/view?id=9f06fbc7-3682 4966-8d7c-8fb86aaa0275,,,,,,,,,,,
10,55,Hatha Yoga Pradīpikā,"अथ भद्रासनम
गुल्फौ छ वॄष्हणस्याधः सीवन्त्याः पार्श्वयोः कष्हिप्ते ।
सव्य गुल्फं तथा सव्ये दक्ष्ह गुल्फं तु दक्ष्हिणे ॥","atha bhadrāsanam
ghulphau cha vṝṣhaṇasyādhaḥ sīvantyāḥ pārśvayoḥ kṣhipte ।
savya ghulphaṃ tathā savye dakṣha ghulphaṃ tu dakṣhiṇe ॥ ","Place the heels on either side of the seam of the Perineum, keeping the left heel on the left side and the right one on the right side.",What is the fifty-fifth shloka in Hatha Yoga Pradīpikā?,हठयोगप्रदीपिका का पंचपञ्चाशत्तम श्लोक क्या है?,"Place the heels on either side of the seam of the Perineum, keeping the left heel on the left side and the right one on the right side.","एड़ी को पेरिनियम की सीम के दोनों तरफ रखें, बाईं एड़ी को बाईं ओर और दाईं एड़ी को दाईं ओर रखें।",https://gyanbharatam.com/manuscript/view?id=9f06fbc7-3682 4966-8d7c-8fb86aaa0275,,,,,,,,,,,
10,56,Hatha Yoga Pradīpikā,"पार्श्व पादौ छ पाणिभ्यां दॄढं बद्ध्वा सुनिश्छलम ।
भद्रासनं भवेदेतत्सर्व वयाधि विनाशनम ।
गोरक्ष्हासनमित्याहुरिदं वै सिद्ध योगिनः ॥","pārśva pādau cha pāṇibhyāṃ dṝḍhaṃ baddhvā suniśchalam ।
bhadrāsanaṃ bhavedetatsarva vyādhi vināśanam ।
ghorakṣhāsanamityāhuridaṃ vai siddha yoghinaḥ ॥",hold the feet firmly joined to one another with both the hands. This Bhadraasana is the destroyer of all the diseases.,What is the fifty-sixth shloka in Hatha Yoga Pradīpikā?,हठयोगप्रदीपिका का षट्पञ्चाशत्तम श्लोक क्या है?,hold the feet firmly joined to one another with both the hands. This Bhadraasana is the destroyer of all the diseases.,"एड़ियों को सिवनी के दोनों ओर रखें (बाईं को बाईं ओर, दाहिनी को दाहिनी ओर)। दोनों हाथों से पैरों को कसकर पकड़ें। यह भद्रासन है, जो सभी रोगों का नाश करता है।",https://gyanbharatam.com/manuscript/view?id=9f06fbc7-3682 4966-8d7c-8fb86aaa0275,,,,,,,,,,,
10,57,Hatha Yoga Pradīpikā,"एवमासन बन्धेष्हु योगीन्द्रो विगत शरमः ।
अभ्यसेन्नाडिका शुद्धिं मुद्रादि पवनी करियाम ॥","evamāsana bandheṣhu yoghīndro vighata śramaḥ ।
abhyasennāḍikā śuddhiṃ mudrādi pavanī kriyām ॥","The expert Yogîs call this Gorakśa aasana. By sitting with this aasana, the Yogî gets rid of fatigue",What is the fifty-seventh shloka in Hatha Yoga Pradīpikā?,हठयोगप्रदीपिका का सप्तपञ्चाशत्तम श्लोक क्या है?,"The expert Yogîs call this Gorakśa aasana. By sitting with this aasana, the Yogî gets rid of fatigue",कुशल योगी इसे गोरक्षासन भी कहते हैं। इस आसन में बैठने से थकान दूर होती है।,https://gyanbharatam.com/manuscript/view?id=9f06fbc7-3682 4966-8d7c-8fb86aaa0275,,,,,,,,,,,
10,58,Hatha Yoga Pradīpikā,"आसनं कुम्भकं छित्रं मुद्राख्यं करणं तथा ।
अथ नादानुसन्धानमभ्यासानुक्रमो हठे ॥","āsanaṃ kumbhakaṃ chitraṃ mudrākhyaṃ karaṇaṃ tathā ।
atha nādānusandhānamabhyāsānukramo hathe ॥ ","The Naadis should be cleansed of their impurities by performing the mudraas, etc., which are the practices relating to the air aasanas, Kumbhakas and various curious mûdraas.",What is the fifty-eighth shloka in Hatha Yoga Pradīpikā?,हठयोगप्रदीपिका का अष्टपञ्चाशत्तम श्लोक क्या है?,"The Naadis should be cleansed of their impurities by performing the mudraas, etc., which are the practices relating to the air aasanas, Kumbhakas and various curious mûdraas.","मुद्राओं, आसनों और कुंभकों के अभ्यास से नाड़ियों की अशुद्धियों को दूर करना चाहिए।",https://gyanbharatam.com/manuscript/view?id=9f06fbc7-3682 4966-8d7c-8fb86aaa0275,,,,,,,,,,,
11,59,Hatha Yoga Pradīpikā,"बरह्मछारी मिताहारी तयागी योग परायणः ।
अब्दादूर्ध्वं भवेद्सिद्धो नात्र कार्या विछारणा ॥","brahmachārī mitāhārī tyāghī yogha parāyaṇaḥ ।
abdādūrdhvaṃ bhavedsiddho nātra kāryā vichāraṇā ॥","By regular and close attention to anaahata naada in Hatha Yoga, a Brahmachari, sparing in diet, unattached to objects of enjoyment, and devoted to Yoga, gains success, no doubt, within a year.",What is the fifty-ninth shloka in Hatha Yoga Pradīpikā?,हठयोगप्रदीपिका का नवपञ्चाशत्तम श्लोक क्या है?,"By regular and close attention to anaahata naada in Hatha Yoga, a Brahmachari, sparing in diet, unattached to objects of enjoyment, and devoted to Yoga, gains success, no doubt, within a year.","अनाहत नाद (आंतरिक ध्वनि) पर ध्यान देने से, ब्रह्मचर्य का पालन करने से, मिताहार करने से और योग के प्रति समर्पित रहने से, एक वर्ष के भीतर सफलता अवश्य मिलती है।",https://gyanbharatam.com/manuscript/view?id=9f06fbc7-3682 4966-8d7c-8fb86aaa0275,,,,,,,,,,,
11,60,Hatha Yoga Pradīpikā,"सुस्निग्ध मधुराहारश्छतुर्थांश विवर्जितः ।
भुज्यते शिव सम्प्रीत्यै मिताहारः स उछ्यते ॥","susnigdha madhurāhāraśchaturthāṃśa vivarjitaḥ ।
bhujyate śiva samprītyai mitāhāraḥ sa uchyate ॥","Abstemious feeding is that in which three fourth of hunger is satisfied with food, well cooked with ghee and sweets, and eaten with the offering of it to Śiva.",What is the sixtieth shloka in Hatha Yoga Pradīpikā?,हठयोगप्रदीपिका का षष्टितम श्लोक क्या है?,"Abstemious feeding is that in which three fourth of hunger is satisfied with food, well cooked with ghee and sweets, and eaten with the offering of it to Śiva.","मिताहार का अर्थ है पेट को केवल तीन-चौथाई भरना। भोजन सुपाच्य, घी से बना, मीठा और भगवान (शिव) को अर्पित करके खाना चाहिए।",https://gyanbharatam.com/manuscript/view?id=9f06fbc7-3682 4966-8d7c-8fb86aaa0275,,,,,,,,,,,
11,61,Hatha Yoga Pradīpikā,"कट्वाम्ल तीक्ष्ह्ण लवणोष्ह्ण हरीत शाक 
सौवीर तैल तिल सर्ष्हप मद्य मत्स्यान ।
आजादि मांस दधि तक्र कुलत्थकोल 
पिण्याक हिङ्गु लशुनाद्यमपथ्यमाहुः ॥","katvāmla tīkṣhṇa lavaṇoṣhṇa harīta śāka 
sauvīra taila tila sarṣhapa madya matsyāna ।
ājādi māṃsa dadhi takra kulatthakola 
piṇyāka hiṅgu laśunādyamapathyamāhuḥ ॥","Bitter, sour, saltish, hot, green vegetables, fermented, oily, mixed with til seed, rape seed, intoxicating liquors, fish, meat, curds, chhaasa pulses, plums, oil cake, asafœtida hînga, garlic, onion, etc., should not be eaten.",What is the sixty-first shloka in Hatha Yoga Pradīpikā?,हठयोगप्रदीपिका का एकषष्टितम श्लोक क्या है?,"Bitter, sour, saltish, hot, green vegetables, fermented, oily, mixed with til seed, rape seed, intoxicating liquors, fish, meat, curds, chhaasa pulses, plums, oil cake, asafœtida hînga, garlic, onion, etc., should not be eaten.","इन चीजों का सेवन न करें: कड़वा, खट्टा, बहुत नमकीन, बहुत गर्म, हरी सब्जियां, खमीर वाली चीजें, तेल, तिल, सरसों, शराब, मछली, मांस, दही, छाछ, दालें, लहसुन और प्याज।",https://gyanbharatam.com/manuscript/view?id=9f06fbc7-3682 4966-8d7c-8fb86aaa0275,,,,,,,,,,,
11,62,Hatha Yoga Pradīpikā,"भोजनमहितं विद्यात्पुनरस्योष्ह्णी कॄतं रूक्ष्हम ।
अतिलवणमम्ल युक्तं कदशन शाकोत्कं वर्ज्यम ॥","bhojanamahitaṃ vidyātpunarasyoṣhṇī kṝtaṃ rūkṣhama ।
atilavaṇamamla yuktaṃ kadaśana śākotkaṃ varjyama ॥","Food heated again, dry, having too much salt, sour, minor grains, and vegetables that cause burning sensation, should not be eaten, Fire, women, travelling, etc., should be avoided.",What is the sixty-second shloka in Hatha Yoga Pradīpikā?,हठयोगप्रदीपिका का द्विषष्टितम श्लोक क्या है?,"Food heated again, dry, having too much salt, sour, minor grains, and vegetables that cause burning sensation, should not be eaten, Fire, women, travelling, etc., should be avoided.","दोबारा गर्म किया हुआ, रुखा, बहुत ज्यादा नमक या खट्टा, और जलन पैदा करने वाली सब्जियां नहीं खानी चाहिए।",https://gyanbharatam.com/manuscript/view?id=9f06fbc7-3682 4966-8d7c-8fb86aaa0275,,,,,,,,,,,
11,63,Hatha Yoga Pradīpikā,वह्नि सत्री पथि सेवानामादौ वर्जनमाछरेत ॥,vahni strī pathi sevānāmādau varjanamācharet ॥,"As said by Goraksha, one should keep aloof from the society of the evil minded, fire, women, travelling, early morning bath, fasting, and all kinds of bodily exertion.",What is the sixty-third shloka in Hatha Yoga Pradīpikā?,हठयोगप्रदीपिका का त्रिषष्टितम श्लोक क्या है?,"As said by Goraksha, one should keep aloof from the society of the evil minded, fire, women, travelling, early morning bath, fasting, and all kinds of bodily exertion.","इनसे बचें: आग (आग तपना), स्त्रियां (संभोग), और लंबी यात्रा। गोरक्ष कहते हैं: बुरी संगत, आग, स्त्री, यात्रा, सुबह का ठंडा स्नान, उपवास और भारी शारीरिक मेहनत से दूर रहें।",https://gyanbharatam.com/manuscript/view?id=9f06fbc7-3682 4966-8d7c-8fb86aaa0275,,,,,,,,,,,
11,64,Hatha Yoga Pradīpikā,"तथा हि गोरक्ष्ह वछनम
वर्जयेद्दुर्जन परान्तं वह्नि सत्री पथि सेवनम ।
परातः सनानोपवासादि काय कलेश विधिं तथा ॥","tathā hi ghorakṣha vachanam
varjayeddurjana prāntaṃ vahni strī pathi sevanam ।
prātaḥ snānopavāsādi kāya kleśa vidhiṃ tathā ॥","Wheat, rice, barley, shaastik (a kind of rice), good corns, milk, ghee, sugar, butter, sugarcandy, honey, dried ginger, Parwal (a vegetable) the five vegetables, moong, pure water, these are very beneficial to those who practise Yoga.",What is the sixty-fourth shloka in Hatha Yoga Pradīpikā?,हठयोगप्रदीपिका का चतुष्षष्टितम श्लोक क्या है?,"Wheat, rice, barley, shaastik (a kind of rice), good corns, milk, ghee, sugar, butter, sugarcandy, honey, dried ginger, Parwal (a vegetable) the five vegetables, moong, pure water, these are very beneficial to those who practise Yoga.","लाभदायक भोजन: गेहूँ, चावल, जौ, अच्छे अनाज, दूध, घी, चीनी, मिश्री, शहद, सोंठ, परवल, मूंग की दाल और शुद्ध पानी।",https://gyanbharatam.com/manuscript/view?id=9f06fbc7-3682 4966-8d7c-8fb86aaa0275,,,,,,,,,,,
12,65,Hatha Yoga Pradīpikā,"गोधूम शालि यव षहाष्ह्टिक शोभनान्नं
कष्हीराज्य खण्ड नवनीत सिद्धा मधूनि ।
शुण्ठी पटोल कफलादिक पञ्छ शाकं
मुद्गादि दिव्यमुदकं छ यमीन्द्र पथ्यम ॥","godhūma śāli yava ṣahāṣhtika śobhanānnaṃ
kaṣhīrājya khaṇḍa navanīta siddhā madhūni ।
śuṇthī patola kaphalādika pañcha śākaṃ
mudgādi divyamudakaṃ cha yamīndra pathyama ॥","A Yogî should eat tonics things giving strength, well sweetened, greasy (made with ghee), milk, butter, etc., which may increase humors of the body, according to his desire.",What is the sixty-fifth shloka in Hatha Yoga Pradīpikā?,हठयोगप्रदीपिका का पंचषष्टितम श्लोक क्या है?,"A Yogî should eat tonics things giving strength, well sweetened, greasy (made with ghee), milk, butter, etc., which may increase humors of the body, according to his desire.","योगी को ऐसा भोजन करना चाहिए जो धातु (शरीर के तत्वों) को बढ़ाए, जो मन को भाए, और जो पौष्टिक और चिकना (घी युक्त) हो।",https://gyanbharatam.com/manuscript/view?id=9f06fbc7-3682 4966-8d7c-8fb86aaa0275,,,,,,,,,,,
12,66,Hatha Yoga Pradīpikā,"पुष्ह्टं सुमधुरं सनिग्धं गव्यं धातु परपोष्हणम ।
मनोभिलष्हितं योग्यं योगी भोजनमाछरेत ॥ ६६ ॥","puṣhtaṃ sumadhuraṃ snighdhaṃ ghavyaṃ dhātu prapoṣhaṇam ।
manobhilaṣhitaṃ yoghyaṃ yoghī bhojanamācharet ॥","Whether young, old or too old, sick or lean, one who discards laziness, gets success if he practises Yoga.",What is the sixty-sixth shloka in Hatha Yoga Pradīpikā?,हठयोगप्रदीपिका का षट्षष्टितम श्लोक क्या है?,"Whether young, old or too old, sick or lean, one who discards laziness, gets success if he practises Yoga.","सफलता उसी को मिलती है जो अभ्यास करता है—चाहे वह युवा हो, वृद्ध हो, बहुत बूढ़ा हो, बीमार हो या कमजोर हो। आलस्य ही एकमात्र शत्रु है।",https://gyanbharatam.com/manuscript/view?id=9f06fbc7-3682 4966-8d7c-8fb86aaa0275,,,,,,,,,,,
12,67,Hatha Yoga Pradīpikā,"युवो वॄद्धो।अतिवॄद्धो वा वयाधितो दुर्बलो।अपि वा ।
अभ्यासात्सिद्धिमाप्नोति सर्व योगेष्ह्वतन्द्रितः ॥","yuvo vṝddho।ativṝddho vā vyādhito durbalo।api vā ।
abhyāsātsiddhimāpnoti sarva yogheṣhvatandritaḥ ॥","Success comes to him who is engaged in the practice. How can one get success without practice; for by merely reading books on Yoga, one can never get success.",What is the sixty-seventh shloka in Hatha Yoga Pradīpikā?,हठयोगप्रदीपिका का सप्तषष्टितम श्लोक क्या है?,"Success comes to him who is engaged in the practice. How can one get success without practice; for by merely reading books on Yoga, one can never get success.",सफलता केवल अभ्यास से मिलती है। योग की किताबें पढ़ने मात्र से सफलता नहीं मिल सकती।,https://gyanbharatam.com/manuscript/view?id=9f06fbc7-3682 4966-8d7c-8fb86aaa0275,,,,,,,,,,,
12,68,Hatha Yoga Pradīpikā,"करिया युक्तस्य सिद्धिः सयादक्रियस्य कथं भवेत ।
न शास्त्र पाठ मात्रेण योग सिद्धिः परजायते ॥",kariyā yuktasya siddhiḥ sayādakriyasya kathaṃ bhaveta । na śāstra pātha mātreṇa yoga siddhiḥ parajāyate ॥,"Success cannot be attained by adopting a particular dress or Vesha. It cannot be gained by telling tales. Practice alone is the means to success. This is true, there is no doubt.",What is the sixty-eighth shloka in Hatha Yoga Pradīpikā?,हठयोगप्रदीपिका का अष्टषष्टितम श्लोक क्या है?,"Success cannot be attained by adopting a particular dress or Vesha. It cannot be gained by telling tales. Practice alone is the means to success. This is true, there is no doubt.",विशेष वेशभूषा धारण करने या केवल बातें करने से सफलता नहीं मिलती। केवल अभ्यास ही सफलता का साधन है। यही सत्य है।,https://gyanbharatam.com/manuscript/view?id=9f06fbc7-3682 4966-8d7c-8fb86aaa0275,,,,,,,,,,,
12,69,Hatha Yoga Pradīpikā,"न वेष्ह धारणं सिद्धेः कारणं न छ तत कथा ।
करियैव कारणं सिद्धेः सत्यमेतन्न संशयः ॥","na veṣha dhāraṇaṃ siddheḥ kāraṇaṃ na cha tata kathā ।
kariyaiva kāraṇaṃ siddheḥ satyametanna saṃśayaḥ ॥","aasanas or postures, various Kumbhakas, and other divine means, ",What is the sixty-ninth shloka in Hatha Yoga Pradīpikā?,हठयोगप्रदीपिका का नवषष्टितम श्लोक क्या है?,"aasanas or postures, various Kumbhakas, and other divine means, ","इसलिए, राज योग की प्राप्ति तक आसनों, कुंभकों और मुद्राओं का निरंतर अभ्यास करना चाहिए।",https://gyanbharatam.com/manuscript/view?id=9f06fbc7-3682 4966-8d7c-8fb86aaa0275,,,,,,,,,,,
12,70,Hatha Yoga Pradīpikā,"पीठानि कुम्भकाश्छित्रा दिव्यानि करणानि छ ।
सर्वाण्यपि हठाभ्यासे राज योग फलावधि ॥","pīthāni kumbhakāśchitrā divyāni karaṇāni cha ।
sarvāṇyapi hathābhyāse rāja yoga phalāvadhi ॥","all should be practised in the practice of Hatha Yoga, till the fruit Raaja Yoga is obtained.",What is the seventieth shloka in Hatha Yoga Pradīpikā?,हठयोगप्रदीपिका का सप्ततितम श्लोक क्या है?,"all should be practised in the practice of Hatha Yoga, till the fruit Raaja Yoga is obtained.","जब तक राज योग फल प्राप्त नहीं हो जाता, तब तक सभी को हठ योग के अभ्यास में अभ्यास करना चाहिए।",https://gyanbharatam.com/manuscript/view?id=9f06fbc7-3682 4966-8d7c-8fb86aaa0275,,,,,,,,,,,
,,,,,,What happens by performing Surya Namaskar?,सूर्य नमस्कार करने से क्या होता है?,"🙏 I apologize, I couldn't find relevant information for your question.

I encourage you to explore the ancient yoga texts like Patanjali Yoga Sutra and Hatha Yoga Pradīpikā. These texts are invaluable sources of yoga wisdom.
","🙏 क्षमा करें, मुझे आपके प्रश्न के लिए प्रासंगिक जानकारी नहीं मिली।
मैं आपको पतंजलि योग सूत्र और हठ योग प्रदीपिका जैसे प्राचीन योग ग्रंथों का पता लगाने के लिए प्रोत्साहित करता हूं। ये ग्रंथ योग ज्ञान के अमूल्य स्रोत हैं।",,,,,,,,,,,,
,,,,,,What is benifit of Surya Namaskar?,सूर्य नमस्कार करने का क्या लाभ है?,"🙏 I apologize, I couldn't find relevant information for your question.

I encourage you to explore the ancient yoga texts like Patanjali Yoga Sutra and Hatha Yoga Pradīpikā. These texts are invaluable sources of yoga wisdom.
","🙏 क्षमा करें, मुझे आपके प्रश्न के लिए प्रासंगिक जानकारी नहीं मिली।
मैं आपको पतंजलि योग सूत्र और हठ योग प्रदीपिका जैसे प्राचीन योग ग्रंथों का पता लगाने के लिए प्रोत्साहित करता हूं। ये ग्रंथ योग ज्ञान के अमूल्य स्रोत हैं।",,,,,,,,,,,,
,,,,,,Surya Namaskar corrects which issue of body?,सूर्य नमस्कार किस अवस्था को ठीक करने के लिए करना चाहिए?,"🙏 I apologize, I couldn't find relevant information for your question.

I encourage you to explore the ancient yoga texts like Patanjali Yoga Sutra and Hatha Yoga Pradīpikā. These texts are invaluable sources of yoga wisdom.
","🙏 क्षमा करें, मुझे आपके प्रश्न के लिए प्रासंगिक जानकारी नहीं मिली।
मैं आपको पतंजलि योग सूत्र और हठ योग प्रदीपिका जैसे प्राचीन योग ग्रंथों का पता लगाने के लिए प्रोत्साहित करता हूं। ये ग्रंथ योग ज्ञान के अमूल्य स्रोत हैं।",,,,,,,,,,,,
,,,,,,How to do Surya Namaskar?,सूर्य नमस्कार कैसे करते हैं?,"🙏 I apologize, I couldn't find relevant information for your question.

I encourage you to explore the ancient yoga texts like Patanjali Yoga Sutra and Hatha Yoga Pradīpikā. These texts are invaluable sources of yoga wisdom.
","🙏 क्षमा करें, मुझे आपके प्रश्न के लिए प्रासंगिक जानकारी नहीं मिली।
मैं आपको पतंजलि योग सूत्र और हठ योग प्रदीपिका जैसे प्राचीन योग ग्रंथों का पता लगाने के लिए प्रोत्साहित करता हूं। ये ग्रंथ योग ज्ञान के अमूल्य स्रोत हैं।",,,,,,,,,,,,
,,,,,,What happens by performing Suryanamsakar?,सूर्यनमस्कार करने से क्या होता है?,"🙏 I apologize, I couldn't find relevant information for your question.

I encourage you to explore the ancient yoga texts like Patanjali Yoga Sutra and Hatha Yoga Pradīpikā. These texts are invaluable sources of yoga wisdom.
","🙏 क्षमा करें, मुझे आपके प्रश्न के लिए प्रासंगिक जानकारी नहीं मिली।
मैं आपको पतंजलि योग सूत्र और हठ योग प्रदीपिका जैसे प्राचीन योग ग्रंथों का पता लगाने के लिए प्रोत्साहित करता हूं। ये ग्रंथ योग ज्ञान के अमूल्य स्रोत हैं।",,,,,,,,,,,,
,,,,,,What is benifit of Suryanamsakar?,सूर्यनमस्कार करने का क्या लाभ है?,"🙏 I apologize, I couldn't find relevant information for your question.

I encourage you to explore the ancient yoga texts like Patanjali Yoga Sutra and Hatha Yoga Pradīpikā. These texts are invaluable sources of yoga wisdom.
","🙏 क्षमा करें, मुझे आपके प्रश्न के लिए प्रासंगिक जानकारी नहीं मिली।
मैं आपको पतंजलि योग सूत्र और हठ योग प्रदीपिका जैसे प्राचीन योग ग्रंथों का पता लगाने के लिए प्रोत्साहित करता हूं। ये ग्रंथ योग ज्ञान के अमूल्य स्रोत हैं।",,,,,,,,,,,,
,,,,,,Suryanamsakar corrects which issue of body?,सूर्यनमस्कार किस अवस्था को ठीक करने के लिए करना चाहिए?,"🙏 I apologize, I couldn't find relevant information for your question.

I encourage you to explore the ancient yoga texts like Patanjali Yoga Sutra and Hatha Yoga Pradīpikā. These texts are invaluable sources of yoga wisdom.
","🙏 क्षमा करें, मुझे आपके प्रश्न के लिए प्रासंगिक जानकारी नहीं मिली।
मैं आपको पतंजलि योग सूत्र और हठ योग प्रदीपिका जैसे प्राचीन योग ग्रंथों का पता लगाने के लिए प्रोत्साहित करता हूं। ये ग्रंथ योग ज्ञान के अमूल्य स्रोत हैं।",,,,,,,,,,,,
,,,,,,How to do Suryanamsakar?,सूर्यनमस्कार कैसे करते हैं?,"🙏 I apologize, I couldn't find relevant information for your question.

I encourage you to explore the ancient yoga texts like Patanjali Yoga Sutra and Hatha Yoga Pradīpikā. These texts are invaluable sources of yoga wisdom.
","🙏 क्षमा करें, मुझे आपके प्रश्न के लिए प्रासंगिक जानकारी नहीं मिली।
मैं आपको पतंजलि योग सूत्र और हठ योग प्रदीपिका जैसे प्राचीन योग ग्रंथों का पता लगाने के लिए प्रोत्साहित करता हूं। ये ग्रंथ योग ज्ञान के अमूल्य स्रोत हैं।",,,,,,,,,,,,
,,,,,,What happens by performing Bhujang Asan?,भुजंग आसन करने से क्या होता है?,"🙏 I apologize, I couldn't find relevant information for your question.

I encourage you to explore the ancient yoga texts like Patanjali Yoga Sutra and Hatha Yoga Pradīpikā. These texts are invaluable sources of yoga wisdom.
","🙏 क्षमा करें, मुझे आपके प्रश्न के लिए प्रासंगिक जानकारी नहीं मिली।
मैं आपको पतंजलि योग सूत्र और हठ योग प्रदीपिका जैसे प्राचीन योग ग्रंथों का पता लगाने के लिए प्रोत्साहित करता हूं। ये ग्रंथ योग ज्ञान के अमूल्य स्रोत हैं।",,,,,,,,,,,,
,,,,,,What is benifit of Bhujang Asan?,भुजंग आसन करने का क्या लाभ है?,"🙏 I apologize, I couldn't find relevant information for your question.

I encourage you to explore the ancient yoga texts like Patanjali Yoga Sutra and Hatha Yoga Pradīpikā. These texts are invaluable sources of yoga wisdom.
","🙏 क्षमा करें, मुझे आपके प्रश्न के लिए प्रासंगिक जानकारी नहीं मिली।
मैं आपको पतंजलि योग सूत्र और हठ योग प्रदीपिका जैसे प्राचीन योग ग्रंथों का पता लगाने के लिए प्रोत्साहित करता हूं। ये ग्रंथ योग ज्ञान के अमूल्य स्रोत हैं।",,,,,,,,,,,,
,,,,,,Bhujang Asan corrects which issue of body?,भुजंग आसन किस अवस्था को ठीक करने के लिए करना चाहिए?,"🙏 I apologize, I couldn't find relevant information for your question.

I encourage you to explore the ancient yoga texts like Patanjali Yoga Sutra and Hatha Yoga Pradīpikā. These texts are invaluable sources of yoga wisdom.
","🙏 क्षमा करें, मुझे आपके प्रश्न के लिए प्रासंगिक जानकारी नहीं मिली।
मैं आपको पतंजलि योग सूत्र और हठ योग प्रदीपिका जैसे प्राचीन योग ग्रंथों का पता लगाने के लिए प्रोत्साहित करता हूं। ये ग्रंथ योग ज्ञान के अमूल्य स्रोत हैं।",,,,,,,,,,,,
,,,,,,How to do Bhujang Asan?,भुजंग आसन कैसे करते हैं?,"🙏 I apologize, I couldn't find relevant information for your question.

I encourage you to explore the ancient yoga texts like Patanjali Yoga Sutra and Hatha Yoga Pradīpikā. These texts are invaluable sources of yoga wisdom.
","🙏 क्षमा करें, मुझे आपके प्रश्न के लिए प्रासंगिक जानकारी नहीं मिली।
मैं आपको पतंजलि योग सूत्र और हठ योग प्रदीपिका जैसे प्राचीन योग ग्रंथों का पता लगाने के लिए प्रोत्साहित करता हूं। ये ग्रंथ योग ज्ञान के अमूल्य स्रोत हैं।",,,,,,,,,,,,
,,,,,,What happens by performing Bhujangasan?,भुजंगासन करने से क्या होता है?,"🙏 I apologize, I couldn't find relevant information for your question.

I encourage you to explore the ancient yoga texts like Patanjali Yoga Sutra and Hatha Yoga Pradīpikā. These texts are invaluable sources of yoga wisdom.
","🙏 क्षमा करें, मुझे आपके प्रश्न के लिए प्रासंगिक जानकारी नहीं मिली।
मैं आपको पतंजलि योग सूत्र और हठ योग प्रदीपिका जैसे प्राचीन योग ग्रंथों का पता लगाने के लिए प्रोत्साहित करता हूं। ये ग्रंथ योग ज्ञान के अमूल्य स्रोत हैं।",,,,,,,,,,,,
,,,,,,What is benifit of Bhujangasan?,भुजंगासन करने का क्या लाभ है?,"🙏 I apologize, I couldn't find relevant information for your question.

I encourage you to explore the ancient yoga texts like Patanjali Yoga Sutra and Hatha Yoga Pradīpikā. These texts are invaluable sources of yoga wisdom.
","🙏 क्षमा करें, मुझे आपके प्रश्न के लिए प्रासंगिक जानकारी नहीं मिली।
मैं आपको पतंजलि योग सूत्र और हठ योग प्रदीपिका जैसे प्राचीन योग ग्रंथों का पता लगाने के लिए प्रोत्साहित करता हूं। ये ग्रंथ योग ज्ञान के अमूल्य स्रोत हैं।",,,,,,,,,,,,
,,,,,,Bhujangasan corrects which issue of body?,भुजंगासन किस अवस्था को ठीक करने के लिए करना चाहिए?,"🙏 I apologize, I couldn't find relevant information for your question.

I encourage you to explore the ancient yoga texts like Patanjali Yoga Sutra and Hatha Yoga Pradīpikā. These texts are invaluable sources of yoga wisdom.
","🙏 क्षमा करें, मुझे आपके प्रश्न के लिए प्रासंगिक जानकारी नहीं मिली।
मैं आपको पतंजलि योग सूत्र और हठ योग प्रदीपिका जैसे प्राचीन योग ग्रंथों का पता लगाने के लिए प्रोत्साहित करता हूं। ये ग्रंथ योग ज्ञान के अमूल्य स्रोत हैं।",,,,,,,,,,,,
,,,,,,How to do Bhujangasan?,भुजंगासन कैसे करते हैं?,"🙏 I apologize, I couldn't find relevant information for your question.

I encourage you to explore the ancient yoga texts like Patanjali Yoga Sutra and Hatha Yoga Pradīpikā. These texts are invaluable sources of yoga wisdom.
","🙏 क्षमा करें, मुझे आपके प्रश्न के लिए प्रासंगिक जानकारी नहीं मिली।
मैं आपको पतंजलि योग सूत्र और हठ योग प्रदीपिका जैसे प्राचीन योग ग्रंथों का पता लगाने के लिए प्रोत्साहित करता हूं। ये ग्रंथ योग ज्ञान के अमूल्य स्रोत हैं।",,,,,,,,,,,,
,,,,,,What happens by performing Virabhadr asana?,वीरभद्र आसन करने से क्या होता है?,"🙏 I apologize, I couldn't find relevant information for your question.

I encourage you to explore the ancient yoga texts like Patanjali Yoga Sutra and Hatha Yoga Pradīpikā. These texts are invaluable sources of yoga wisdom.
","🙏 क्षमा करें, मुझे आपके प्रश्न के लिए प्रासंगिक जानकारी नहीं मिली।
मैं आपको पतंजलि योग सूत्र और हठ योग प्रदीपिका जैसे प्राचीन योग ग्रंथों का पता लगाने के लिए प्रोत्साहित करता हूं। ये ग्रंथ योग ज्ञान के अमूल्य स्रोत हैं।",,,,,,,,,,,,
,,,,,,What is benifit of Virabhadr asana?,वीरभद्र आसन करने का क्या लाभ है?,"🙏 I apologize, I couldn't find relevant information for your question.

I encourage you to explore the ancient yoga texts like Patanjali Yoga Sutra and Hatha Yoga Pradīpikā. These texts are invaluable sources of yoga wisdom.
","🙏 क्षमा करें, मुझे आपके प्रश्न के लिए प्रासंगिक जानकारी नहीं मिली।
मैं आपको पतंजलि योग सूत्र और हठ योग प्रदीपिका जैसे प्राचीन योग ग्रंथों का पता लगाने के लिए प्रोत्साहित करता हूं। ये ग्रंथ योग ज्ञान के अमूल्य स्रोत हैं।",,,,,,,,,,,,
,,,,,,Virabhadr asana corrects which issue of body?,वीरभद्र आसन किस अवस्था को ठीक करने के लिए करना चाहिए?,"🙏 I apologize, I couldn't find relevant information for your question.

I encourage you to explore the ancient yoga texts like Patanjali Yoga Sutra and Hatha Yoga Pradīpikā. These texts are invaluable sources of yoga wisdom.
","🙏 क्षमा करें, मुझे आपके प्रश्न के लिए प्रासंगिक जानकारी नहीं मिली।
मैं आपको पतंजलि योग सूत्र और हठ योग प्रदीपिका जैसे प्राचीन योग ग्रंथों का पता लगाने के लिए प्रोत्साहित करता हूं। ये ग्रंथ योग ज्ञान के अमूल्य स्रोत हैं।",,,,,,,,,,,,
,,,,,,How to do Virabhadr asana?,वीरभद्र आसन कैसे करते हैं?,"🙏 I apologize, I couldn't find relevant information for your question.

I encourage you to explore the ancient yoga texts like Patanjali Yoga Sutra and Hatha Yoga Pradīpikā. These texts are invaluable sources of yoga wisdom.
","🙏 क्षमा करें, मुझे आपके प्रश्न के लिए प्रासंगिक जानकारी नहीं मिली।
मैं आपको पतंजलि योग सूत्र और हठ योग प्रदीपिका जैसे प्राचीन योग ग्रंथों का पता लगाने के लिए प्रोत्साहित करता हूं। ये ग्रंथ योग ज्ञान के अमूल्य स्रोत हैं।",,,,,,,,,,,,
,,,,,,What happens by performing Virabhadrasana?,वीरभद्रासन करने से क्या होता है?,"🙏 I apologize, I couldn't find relevant information for your question.

I encourage you to explore the ancient yoga texts like Patanjali Yoga Sutra and Hatha Yoga Pradīpikā. These texts are invaluable sources of yoga wisdom.
","🙏 क्षमा करें, मुझे आपके प्रश्न के लिए प्रासंगिक जानकारी नहीं मिली।
मैं आपको पतंजलि योग सूत्र और हठ योग प्रदीपिका जैसे प्राचीन योग ग्रंथों का पता लगाने के लिए प्रोत्साहित करता हूं। ये ग्रंथ योग ज्ञान के अमूल्य स्रोत हैं।",,,,,,,,,,,,
,,,,,,What is benifit of Virabhadrasana?,वीरभद्रासन करने का क्या लाभ है?,"🙏 I apologize, I couldn't find relevant information for your question.

I encourage you to explore the ancient yoga texts like Patanjali Yoga Sutra and Hatha Yoga Pradīpikā. These texts are invaluable sources of yoga wisdom.
","🙏 क्षमा करें, मुझे आपके प्रश्न के लिए प्रासंगिक जानकारी नहीं मिली।
मैं आपको पतंजलि योग सूत्र और हठ योग प्रदीपिका जैसे प्राचीन योग ग्रंथों का पता लगाने के लिए प्रोत्साहित करता हूं। ये ग्रंथ योग ज्ञान के अमूल्य स्रोत हैं।",,,,,,,,,,,,
,,,,,,Virabhadrasana corrects which issue of body?,वीरभद्रासन किस अवस्था को ठीक करने के लिए करना चाहिए?,"🙏 I apologize, I couldn't find relevant information for your question.

I encourage you to explore the ancient yoga texts like Patanjali Yoga Sutra and Hatha Yoga Pradīpikā. These texts are invaluable sources of yoga wisdom.
","🙏 क्षमा करें, मुझे आपके प्रश्न के लिए प्रासंगिक जानकारी नहीं मिली।
मैं आपको पतंजलि योग सूत्र और हठ योग प्रदीपिका जैसे प्राचीन योग ग्रंथों का पता लगाने के लिए प्रोत्साहित करता हूं। ये ग्रंथ योग ज्ञान के अमूल्य स्रोत हैं।",,,,,,,,,,,,
,,,,,,How to do Virabhadrasana?,वीरभद्रासन कैसे करते हैं?,"🙏 I apologize, I couldn't find relevant information for your question.

I encourage you to explore the ancient yoga texts like Patanjali Yoga Sutra and Hatha Yoga Pradīpikā. These texts are invaluable sources of yoga wisdom.
","🙏 क्षमा करें, मुझे आपके प्रश्न के लिए प्रासंगिक जानकारी नहीं मिली।
मैं आपको पतंजलि योग सूत्र और हठ योग प्रदीपिका जैसे प्राचीन योग ग्रंथों का पता लगाने के लिए प्रोत्साहित करता हूं। ये ग्रंथ योग ज्ञान के अमूल्य स्रोत हैं।",,,,,,,,,,,,
,,,,,,What happens by performing Trikona Asan?,त्रिकोण आसन करने से क्या होता है?,"🙏 I apologize, I couldn't find relevant information for your question.

I encourage you to explore the ancient yoga texts like Patanjali Yoga Sutra and Hatha Yoga Pradīpikā. These texts are invaluable sources of yoga wisdom.
","🙏 क्षमा करें, मुझे आपके प्रश्न के लिए प्रासंगिक जानकारी नहीं मिली।
मैं आपको पतंजलि योग सूत्र और हठ योग प्रदीपिका जैसे प्राचीन योग ग्रंथों का पता लगाने के लिए प्रोत्साहित करता हूं। ये ग्रंथ योग ज्ञान के अमूल्य स्रोत हैं।",,,,,,,,,,,,
,,,,,,What is benifit of Trikona Asan?,त्रिकोण आसन करने का क्या लाभ है?,"🙏 I apologize, I couldn't find relevant information for your question.

I encourage you to explore the ancient yoga texts like Patanjali Yoga Sutra and Hatha Yoga Pradīpikā. These texts are invaluable sources of yoga wisdom.
","🙏 क्षमा करें, मुझे आपके प्रश्न के लिए प्रासंगिक जानकारी नहीं मिली।
मैं आपको पतंजलि योग सूत्र और हठ योग प्रदीपिका जैसे प्राचीन योग ग्रंथों का पता लगाने के लिए प्रोत्साहित करता हूं। ये ग्रंथ योग ज्ञान के अमूल्य स्रोत हैं।",,,,,,,,,,,,
,,,,,,Trikona Asan corrects which issue of body?,त्रिकोण आसन किस अवस्था को ठीक करने के लिए करना चाहिए?,"🙏 I apologize, I couldn't find relevant information for your question.

I encourage you to explore the ancient yoga texts like Patanjali Yoga Sutra and Hatha Yoga Pradīpikā. These texts are invaluable sources of yoga wisdom.
","🙏 क्षमा करें, मुझे आपके प्रश्न के लिए प्रासंगिक जानकारी नहीं मिली।
मैं आपको पतंजलि योग सूत्र और हठ योग प्रदीपिका जैसे प्राचीन योग ग्रंथों का पता लगाने के लिए प्रोत्साहित करता हूं। ये ग्रंथ योग ज्ञान के अमूल्य स्रोत हैं।",,,,,,,,,,,,
,,,,,,How to do Trikona Asan?,त्रिकोण आसन कैसे करते हैं?,"🙏 I apologize, I couldn't find relevant information for your question.

I encourage you to explore the ancient yoga texts like Patanjali Yoga Sutra and Hatha Yoga Pradīpikā. These texts are invaluable sources of yoga wisdom.
","🙏 क्षमा करें, मुझे आपके प्रश्न के लिए प्रासंगिक जानकारी नहीं मिली।
मैं आपको पतंजलि योग सूत्र और हठ योग प्रदीपिका जैसे प्राचीन योग ग्रंथों का पता लगाने के लिए प्रोत्साहित करता हूं। ये ग्रंथ योग ज्ञान के अमूल्य स्रोत हैं।",,,,,,,,,,,,
,,,,,,What happens by performing Trikonasana?,त्रिकोणासन करने से क्या होता है?,"🙏 I apologize, I couldn't find relevant information for your question.

I encourage you to explore the ancient yoga texts like Patanjali Yoga Sutra and Hatha Yoga Pradīpikā. These texts are invaluable sources of yoga wisdom.
","🙏 क्षमा करें, मुझे आपके प्रश्न के लिए प्रासंगिक जानकारी नहीं मिली।
मैं आपको पतंजलि योग सूत्र और हठ योग प्रदीपिका जैसे प्राचीन योग ग्रंथों का पता लगाने के लिए प्रोत्साहित करता हूं। ये ग्रंथ योग ज्ञान के अमूल्य स्रोत हैं।",,,,,,,,,,,,
,,,,,,What is benifit of Trikonasana?,त्रिकोणासन करने का क्या लाभ है?,"🙏 I apologize, I couldn't find relevant information for your question.

I encourage you to explore the ancient yoga texts like Patanjali Yoga Sutra and Hatha Yoga Pradīpikā. These texts are invaluable sources of yoga wisdom.
","🙏 क्षमा करें, मुझे आपके प्रश्न के लिए प्रासंगिक जानकारी नहीं मिली।
मैं आपको पतंजलि योग सूत्र और हठ योग प्रदीपिका जैसे प्राचीन योग ग्रंथों का पता लगाने के लिए प्रोत्साहित करता हूं। ये ग्रंथ योग ज्ञान के अमूल्य स्रोत हैं।",,,,,,,,,,,,
,,,,,,Trikonasana corrects which issue of body?,त्रिकोणासन किस अवस्था को ठीक करने के लिए करना चाहिए?,"🙏 I apologize, I couldn't find relevant information for your question.

I encourage you to explore the ancient yoga texts like Patanjali Yoga Sutra and Hatha Yoga Pradīpikā. These texts are invaluable sources of yoga wisdom.
","🙏 क्षमा करें, मुझे आपके प्रश्न के लिए प्रासंगिक जानकारी नहीं मिली।
मैं आपको पतंजलि योग सूत्र और हठ योग प्रदीपिका जैसे प्राचीन योग ग्रंथों का पता लगाने के लिए प्रोत्साहित करता हूं। ये ग्रंथ योग ज्ञान के अमूल्य स्रोत हैं।",,,,,,,,,,,,
,,,,,,How to do Trikonasana?,त्रिकोणासन कैसे करते हैं?,"🙏 I apologize, I couldn't find relevant information for your question.

I encourage you to explore the ancient yoga texts like Patanjali Yoga Sutra and Hatha Yoga Pradīpikā. These texts are invaluable sources of yoga wisdom.
","🙏 क्षमा करें, मुझे आपके प्रश्न के लिए प्रासंगिक जानकारी नहीं मिली।
मैं आपको पतंजलि योग सूत्र और हठ योग प्रदीपिका जैसे प्राचीन योग ग्रंथों का पता लगाने के लिए प्रोत्साहित करता हूं। ये ग्रंथ योग ज्ञान के अमूल्य स्रोत हैं।",,,,,,,,,,,,
,,,,,,What happens by performing Hanumana Asan?,हनुमान आसन करने से क्या होता है?,"🙏 I apologize, I couldn't find relevant information for your question.

I encourage you to explore the ancient yoga texts like Patanjali Yoga Sutra and Hatha Yoga Pradīpikā. These texts are invaluable sources of yoga wisdom.
","🙏 क्षमा करें, मुझे आपके प्रश्न के लिए प्रासंगिक जानकारी नहीं मिली।
मैं आपको पतंजलि योग सूत्र और हठ योग प्रदीपिका जैसे प्राचीन योग ग्रंथों का पता लगाने के लिए प्रोत्साहित करता हूं। ये ग्रंथ योग ज्ञान के अमूल्य स्रोत हैं।",,,,,,,,,,,,
,,,,,,What is benifit of Hanumana Asan?,हनुमान आसन करने का क्या लाभ है?,"🙏 I apologize, I couldn't find relevant information for your question.

I encourage you to explore the ancient yoga texts like Patanjali Yoga Sutra and Hatha Yoga Pradīpikā. These texts are invaluable sources of yoga wisdom.
","🙏 क्षमा करें, मुझे आपके प्रश्न के लिए प्रासंगिक जानकारी नहीं मिली।
मैं आपको पतंजलि योग सूत्र और हठ योग प्रदीपिका जैसे प्राचीन योग ग्रंथों का पता लगाने के लिए प्रोत्साहित करता हूं। ये ग्रंथ योग ज्ञान के अमूल्य स्रोत हैं।",,,,,,,,,,,,
,,,,,,Hanumana Asan corrects which issue of body?,हनुमान आसन किस अवस्था को ठीक करने के लिए करना चाहिए?,"🙏 I apologize, I couldn't find relevant information for your question.

I encourage you to explore the ancient yoga texts like Patanjali Yoga Sutra and Hatha Yoga Pradīpikā. These texts are invaluable sources of yoga wisdom.
","🙏 क्षमा करें, मुझे आपके प्रश्न के लिए प्रासंगिक जानकारी नहीं मिली।
मैं आपको पतंजलि योग सूत्र और हठ योग प्रदीपिका जैसे प्राचीन योग ग्रंथों का पता लगाने के लिए प्रोत्साहित करता हूं। ये ग्रंथ योग ज्ञान के अमूल्य स्रोत हैं।",,,,,,,,,,,,
,,,,,,How to do Hanumana Asan?,हनुमान आसन कैसे करते हैं?,"🙏 I apologize, I couldn't find relevant information for your question.

I encourage you to explore the ancient yoga texts like Patanjali Yoga Sutra and Hatha Yoga Pradīpikā. These texts are invaluable sources of yoga wisdom.
","🙏 क्षमा करें, मुझे आपके प्रश्न के लिए प्रासंगिक जानकारी नहीं मिली।
मैं आपको पतंजलि योग सूत्र और हठ योग प्रदीपिका जैसे प्राचीन योग ग्रंथों का पता लगाने के लिए प्रोत्साहित करता हूं। ये ग्रंथ योग ज्ञान के अमूल्य स्रोत हैं।",,,,,,,,,,,,
,,,,,,What happens by performing Hanumanasana?,हनुमानासन करने से क्या होता है?,"🙏 I apologize, I couldn't find relevant information for your question.

I encourage you to explore the ancient yoga texts like Patanjali Yoga Sutra and Hatha Yoga Pradīpikā. These texts are invaluable sources of yoga wisdom.
","🙏 क्षमा करें, मुझे आपके प्रश्न के लिए प्रासंगिक जानकारी नहीं मिली।
मैं आपको पतंजलि योग सूत्र और हठ योग प्रदीपिका जैसे प्राचीन योग ग्रंथों का पता लगाने के लिए प्रोत्साहित करता हूं। ये ग्रंथ योग ज्ञान के अमूल्य स्रोत हैं।",,,,,,,,,,,,
,,,,,,What is benifit of Hanumanasana?,हनुमानासन करने का क्या लाभ है?,"🙏 I apologize, I couldn't find relevant information for your question.

I encourage you to explore the ancient yoga texts like Patanjali Yoga Sutra and Hatha Yoga Pradīpikā. These texts are invaluable sources of yoga wisdom.
","🙏 क्षमा करें, मुझे आपके प्रश्न के लिए प्रासंगिक जानकारी नहीं मिली।
मैं आपको पतंजलि योग सूत्र और हठ योग प्रदीपिका जैसे प्राचीन योग ग्रंथों का पता लगाने के लिए प्रोत्साहित करता हूं। ये ग्रंथ योग ज्ञान के अमूल्य स्रोत हैं।",,,,,,,,,,,,
,,,,,,Hanumanasana corrects which issue of body?,हनुमानासन किस अवस्था को ठीक करने के लिए करना चाहिए?,"🙏 I apologize, I couldn't find relevant information for your question.

I encourage you to explore the ancient yoga texts like Patanjali Yoga Sutra and Hatha Yoga Pradīpikā. These texts are invaluable sources of yoga wisdom.
","🙏 क्षमा करें, मुझे आपके प्रश्न के लिए प्रासंगिक जानकारी नहीं मिली।
मैं आपको पतंजलि योग सूत्र और हठ योग प्रदीपिका जैसे प्राचीन योग ग्रंथों का पता लगाने के लिए प्रोत्साहित करता हूं। ये ग्रंथ योग ज्ञान के अमूल्य स्रोत हैं।",,,,,,,,,,,,
,,,,,,How to do Hanumanasana?,हनुमानासन कैसे करते हैं?,"🙏 I apologize, I couldn't find relevant information for your question.

I encourage you to explore the ancient yoga texts like Patanjali Yoga Sutra and Hatha Yoga Pradīpikā. These texts are invaluable sources of yoga wisdom.
","🙏 क्षमा करें, मुझे आपके प्रश्न के लिए प्रासंगिक जानकारी नहीं मिली।
मैं आपको पतंजलि योग सूत्र और हठ योग प्रदीपिका जैसे प्राचीन योग ग्रंथों का पता लगाने के लिए प्रोत्साहित करता हूं। ये ग्रंथ योग ज्ञान के अमूल्य स्रोत हैं।",,,,,,,,,,,,
,,,,,,What happens by performing Bhastrika Pranayama? ,भस्त्रिका प्राणायाम करने से क्या होता है?,"🙏 I apologize, I couldn't find relevant information for your question.

I encourage you to explore the ancient yoga texts like Patanjali Yoga Sutra and Hatha Yoga Pradīpikā. These texts are invaluable sources of yoga wisdom.
","🙏 क्षमा करें, मुझे आपके प्रश्न के लिए प्रासंगिक जानकारी नहीं मिली।
मैं आपको पतंजलि योग सूत्र और हठ योग प्रदीपिका जैसे प्राचीन योग ग्रंथों का पता लगाने के लिए प्रोत्साहित करता हूं। ये ग्रंथ योग ज्ञान के अमूल्य स्रोत हैं।",,,,,,,,,,,,
,,,,,,What is benifit of Bhastrika Pranayama?,भस्त्रिका प्राणायाम करने का क्या लाभ है?,"🙏 I apologize, I couldn't find relevant information for your question.

I encourage you to explore the ancient yoga texts like Patanjali Yoga Sutra and Hatha Yoga Pradīpikā. These texts are invaluable sources of yoga wisdom.
","🙏 क्षमा करें, मुझे आपके प्रश्न के लिए प्रासंगिक जानकारी नहीं मिली।
मैं आपको पतंजलि योग सूत्र और हठ योग प्रदीपिका जैसे प्राचीन योग ग्रंथों का पता लगाने के लिए प्रोत्साहित करता हूं। ये ग्रंथ योग ज्ञान के अमूल्य स्रोत हैं।",,,,,,,,,,,,
,,,,,,Bhastrika Pranayama corrects which issue of body?,भस्त्रिका प्राणायाम किस अवस्था को ठीक करने के लिए करना चाहिए?,"🙏 I apologize, I couldn't find relevant information for your question.

I encourage you to explore the ancient yoga texts like Patanjali Yoga Sutra and Hatha Yoga Pradīpikā. These texts are invaluable sources of yoga wisdom.
","🙏 क्षमा करें, मुझे आपके प्रश्न के लिए प्रासंगिक जानकारी नहीं मिली।
मैं आपको पतंजलि योग सूत्र और हठ योग प्रदीपिका जैसे प्राचीन योग ग्रंथों का पता लगाने के लिए प्रोत्साहित करता हूं। ये ग्रंथ योग ज्ञान के अमूल्य स्रोत हैं।",,,,,,,,,,,,
,,,,,,How to do Bhastrika Pranayama?,भस्त्रिका प्राणायाम कैसे करते हैं?,"🙏 I apologize, I couldn't find relevant information for your question.

I encourage you to explore the ancient yoga texts like Patanjali Yoga Sutra and Hatha Yoga Pradīpikā. These texts are invaluable sources of yoga wisdom.
","🙏 क्षमा करें, मुझे आपके प्रश्न के लिए प्रासंगिक जानकारी नहीं मिली।
मैं आपको पतंजलि योग सूत्र और हठ योग प्रदीपिका जैसे प्राचीन योग ग्रंथों का पता लगाने के लिए प्रोत्साहित करता हूं। ये ग्रंथ योग ज्ञान के अमूल्य स्रोत हैं।",,,,,,,,,,,,
,,,,,,What happens by performing Bhastrika?,भस्त्रिका करने से क्या होता है?,"🙏 I apologize, I couldn't find relevant information for your question.

I encourage you to explore the ancient yoga texts like Patanjali Yoga Sutra and Hatha Yoga Pradīpikā. These texts are invaluable sources of yoga wisdom.
","🙏 क्षमा करें, मुझे आपके प्रश्न के लिए प्रासंगिक जानकारी नहीं मिली।
मैं आपको पतंजलि योग सूत्र और हठ योग प्रदीपिका जैसे प्राचीन योग ग्रंथों का पता लगाने के लिए प्रोत्साहित करता हूं। ये ग्रंथ योग ज्ञान के अमूल्य स्रोत हैं।",,,,,,,,,,,,
,,,,,,What is benifit of Bhastrika?,भस्त्रिका करने का क्या लाभ है?,"🙏 I apologize, I couldn't find relevant information for your question.

I encourage you to explore the ancient yoga texts like Patanjali Yoga Sutra and Hatha Yoga Pradīpikā. These texts are invaluable sources of yoga wisdom.
","🙏 क्षमा करें, मुझे आपके प्रश्न के लिए प्रासंगिक जानकारी नहीं मिली।
मैं आपको पतंजलि योग सूत्र और हठ योग प्रदीपिका जैसे प्राचीन योग ग्रंथों का पता लगाने के लिए प्रोत्साहित करता हूं। ये ग्रंथ योग ज्ञान के अमूल्य स्रोत हैं।",,,,,,,,,,,,
,,,,,,Bhastrika corrects which issue of body?,भस्त्रिका किस अवस्था को ठीक करने के लिए करना चाहिए?,"🙏 I apologize, I couldn't find relevant information for your question.

I encourage you to explore the ancient yoga texts like Patanjali Yoga Sutra and Hatha Yoga Pradīpikā. These texts are invaluable sources of yoga wisdom.
","🙏 क्षमा करें, मुझे आपके प्रश्न के लिए प्रासंगिक जानकारी नहीं मिली।
मैं आपको पतंजलि योग सूत्र और हठ योग प्रदीपिका जैसे प्राचीन योग ग्रंथों का पता लगाने के लिए प्रोत्साहित करता हूं। ये ग्रंथ योग ज्ञान के अमूल्य स्रोत हैं।",,,,,,,,,,,,
,,,,,,How to do Bhastrika?,भस्त्रिका कैसे करते हैं?,"🙏 I apologize, I couldn't find relevant information for your question.

I encourage you to explore the ancient yoga texts like Patanjali Yoga Sutra and Hatha Yoga Pradīpikā. These texts are invaluable sources of yoga wisdom.
","🙏 क्षमा करें, मुझे आपके प्रश्न के लिए प्रासंगिक जानकारी नहीं मिली।
मैं आपको पतंजलि योग सूत्र और हठ योग प्रदीपिका जैसे प्राचीन योग ग्रंथों का पता लगाने के लिए प्रोत्साहित करता हूं। ये ग्रंथ योग ज्ञान के अमूल्य स्रोत हैं।",,,,,,,,,,,,
-,-,Haṭha Yoga Pradīpikā,-,-,,What is Haṭha Yoga Pradīpikā?,हठ योग प्रदीपिका क्या है?,"A fifteenth century classic text by Swami Swatmarama. It synthesizes earlier traditions to describe physical purification or Shatkarma, Asana, Pranayama, and Mudra as a ""staircase"" to achieve Raja Yoga.","स्वामी स्वात्माराम द्वारा पंद्रहवीं शताब्दी में रचित एक महत्वपूर्ण ग्रंथ। यह राज योग की प्राप्ति के लिए 'सीढ़ी' के रूप में शारीरिक शुद्धि षट्कर्म, आसन, प्राणायाम और मुद्रा का वर्णन करता है।",https://gyanbharatam.com/manuscript/view?id=9f06fbc7-3682 4966-8d7c-8fb86aaa0275,-,,,,,,,,,,
-,-,Patanjali Yoga Sutra,-,-,,What is Patanjali Yoga Sutra?,पतंजलि योग सूत्र क्या है?,"The foundational text of Classical Yoga attributed to Sage Patanjali. It codifies Yoga philosophy into aphorisms, outlining the Eight-Limbed Path or Ashtanga to control the mind.",महर्षि पतंजलि द्वारा रचित शास्त्रीय योग का आधारभूत ग्रंथ। यह योग दर्शन को सूत्रों में संकलित करता है और मन पर नियंत्रण के लिए 'अष्टांग योग' का मार्ग बताता है।,https://gyanbharatam.com/manuscript/view?id=2d6a454c-ee2c-4ee8-8093-e98e392ccb2e,-,,,,,,,,,,
-,-,Haṭha Yoga Pradīpikā,-,-,,How many shlokas are there in Haṭha Yoga Pradīpikā?,हठ योग प्रदीपिका में कितने श्लोक हैं?,"Approximately 389 verses (shlokas) in the critical edition (Kaivalyadhama). Some manuscripts contain additional verses, bringing the count to over 400.","कैवल्यधाम के प्रामाणिक संस्करण के अनुसार लगभग 389 श्लोक। कुछ अन्य पांडुलिपियों में अतिरिक्त श्लोक मिलते हैं, जिससे संख्या 400 से अधिक हो जाती है।",https://gyanbharatam.com/manuscript/view?id=9f06fbc7-3682 4966-8d7c-8fb86aaa0275,-,,,,,,,,,,
-,-,Patanjali Yoga Sutra,-,-,,How many sutras are there in Patanjali Yoga Sutra?,पतंजलि योग सूत्र में कितने सूत्र हैं?,"It has one hundred and ninty six sutras. Chapter wise breakdown is as 51, 55, 55 and 35 sutras. Some traditions combine the last two sutras of the third chapter, counting one hundred and ninty five sutras.","इसमें कुल एक सौ छियानवे सूत्र हैं। अध्यायों के अनुसार इनका विवरण इस प्रकार है: 51, 55, 55 और 35 सूत्र। कुछ परंपराओं में तीसरे अध्याय के आखिरी दो सूत्रों को एक साथ जोड़ दिया जाता है, जिससे कुल एक सौ पंचानवे सूत्र माने जाते हैं।",https://gyanbharatam.com/manuscript/view?id=2d6a454c-ee2c-4ee8-8093-e98e392ccb2e,-,,,,,,,,,,
-,-,Haṭha Yoga Pradīpikā,-,-,,How many chapters are there in Haṭha Yoga Pradīpikā?,हठ योग प्रदीपिका में कितने अध्याय हैं?,It has four Chapters or Upadeshas. First chapter is on Asana or Posture. Second chapter is on  Pranayama or Breath Control. Third chapter is on Mudra & Bandha. Last chapter is on Samadhi or Nadanusandhana.,"इसमें चार अध्याय या उपदेश हैं। पहला अध्याय आसन पर आधारित है, दूसरा अध्याय प्राणायाम या श्वसन नियंत्रण पर है, तीसरा अध्याय मुद्रा और बंध के बारे में है, और अंतिम अध्याय समाधि या नादानुसंधान पर आधारित है।",https://gyanbharatam.com/manuscript/view?id=9f06fbc7-3682 4966-8d7c-8fb86aaa0275,-,,,,,,,,,,
-,-,Patanjali Yoga Sutra,-,-,,How many chapters are there in Patanjali Yoga Sutra?,पतंजलि योग सूत्र में कितने अध्याय हैं?,It has four Chapters or Padas. First chapter is on Samadhi Pada or Concentration. Second chapter is on Sadhana Pada or Practice. Third chapter is on Vibhuti Pada or Powers. Last chapter is on Kaivalya Pada or Liberation.,"इसमें चार अध्याय या पाद हैं। पहला अध्याय समाधि पाद या एकाग्रता पर है, दूसरा अध्याय साधना पाद या अभ्यास पर है, तीसरा अध्याय विभूति पाद या शक्तियां पर है, और अंतिम अध्याय कैवल्य पाद या मुक्ति पर आधारित है।",https://gyanbharatam.com/manuscript/view?id=2d6a454c-ee2c-4ee8-8093-e98e392ccb2e,-,,,,,,,,,,
-,-,Haṭha Yoga Pradīpikā,-,-,,What is goal or essence of Haṭha Yoga Pradīpikā?,हठ योग प्रदीपिका का लक्ष्य या सार क्या है?,To purify the physical body and awaken Kundalini energy to prepare the aspirant for the stillness of Raja Yoga or Samadhi.,"शारीरिक शुद्धि करना और कुंडलिनी शक्ति को जागृत करना, ताकि साधक राज योग या समाधि की स्थिरता के लिए तैयार हो सके।",https://gyanbharatam.com/manuscript/view?id=9f06fbc7-3682 4966-8d7c-8fb86aaa0275,-,,,,,,,,,,
-,-,Patanjali Yoga Sutra,-,-,,What is goal or essence of Patanjali Yoga Sutra?,पतंजलि योग सूत्र का लक्ष्य या सार क्या है?,To achieve Kaivalya or Liberation through Chitta Vritti Nirodha or cessation of the fluctuations of the mind.,चित्त वृत्ति निरोध या मन की चंचलता को पूरी तरह रोकना के माध्यम से कैवल्य या मोक्ष प्राप्त करना।,https://gyanbharatam.com/manuscript/view?id=2d6a454c-ee2c-4ee8-8093-e98e392ccb2e,,,,,,,,,,,
,,,,,,,,What is Hatha Yoga Pradipika?,हठ योग प्रदीपिका क्या है?,"A fifteenth century classic text by Swami Swatmarama. It synthesizes earlier traditions to describe physical purification or Shatkarma, Asana, Pranayama, and Mudra as a ""staircase"" to achieve Raja Yoga.","स्वामी स्वात्माराम द्वारा पंद्रहवीं शताब्दी में रचित एक महत्वपूर्ण ग्रंथ। यह राज योग की प्राप्ति के लिए 'सीढ़ी' के रूप में शारीरिक शुद्धि षट्कर्म, आसन, प्राणायाम और मुद्रा का वर्णन करता है।",https://gyanbharatam.com/manuscript/view?id=9f06fbc7-3682 4966-8d7c-8fb86aaa0275,-,,,,,,,,
,,,,,,,,What is Patanjali Yoga Sutra?,पतंजलि योग सूत्र क्या है?,"The foundational text of Classical Yoga attributed to Sage Patanjali. It codifies Yoga philosophy into aphorisms, outlining the Eight-Limbed Path or Ashtanga to control the mind.",महर्षि पतंजलि द्वारा रचित शास्त्रीय योग का आधारभूत ग्रंथ। यह योग दर्शन को सूत्रों में संकलित करता है और मन पर नियंत्रण के लिए 'अष्टांग योग' का मार्ग बताता है।,https://gyanbharatam.com/manuscript/view?id=2d6a454c-ee2c-4ee8-8093-e98e392ccb2e,-,,,,,,,,
,,,,,,,,How many shlokas are there in Hatha Yoga Pradipika?,हठ योग प्रदीपिका में कितने श्लोक हैं?,"Approximately 389 verses (shlokas) in the critical edition (Kaivalyadhama). Some manuscripts contain additional verses, bringing the count to over 400.","कैवल्यधाम के प्रामाणिक संस्करण के अनुसार लगभग 389 श्लोक। कुछ अन्य पांडुलिपियों में अतिरिक्त श्लोक मिलते हैं, जिससे संख्या 400 से अधिक हो जाती है।",https://gyanbharatam.com/manuscript/view?id=9f06fbc7-3682 4966-8d7c-8fb86aaa0275,-,,,,,,,,
,,,,,,,,How many sutras are there in Patanjali Yoga Sutra?,पतंजलि योग सूत्र में कितने सूत्र हैं?,"It has one hundred and ninty six sutras. Chapter wise breakdown is as 51, 55, 55 and 35 sutras. Some traditions combine the last two sutras of the third chapter, counting one hundred and ninty five sutras.","इसमें कुल एक सौ छियानवे सूत्र हैं। अध्यायों के अनुसार इनका विवरण इस प्रकार है: 51, 55, 55 और 35 सूत्र। कुछ परंपराओं में तीसरे अध्याय के आखिरी दो सूत्रों को एक साथ जोड़ दिया जाता है, जिससे कुल एक सौ पंचानवे सूत्र माने जाते हैं।",https://gyanbharatam.com/manuscript/view?id=2d6a454c-ee2c-4ee8-8093-e98e392ccb2e,-,,,,,,,,
,,,,,,,,How many chapters are there in Hatha Yoga Pradipika?,हठ योग प्रदीपिका में कितने अध्याय हैं?,It has four Chapters or Upadeshas. First chapter is on Asana or Posture. Second chapter is on  Pranayama or Breath Control. Third chapter is on Mudra & Bandha. Last chapter is on Samadhi or Nadanusandhana.,"इसमें चार अध्याय या उपदेश हैं। पहला अध्याय आसन पर आधारित है, दूसरा अध्याय प्राणायाम या श्वसन नियंत्रण पर है, तीसरा अध्याय मुद्रा और बंध के बारे में है, और अंतिम अध्याय समाधि या नादानुसंधान पर आधारित है।",https://gyanbharatam.com/manuscript/view?id=9f06fbc7-3682 4966-8d7c-8fb86aaa0275,-,,,,,,,,
,,,,,,,,How many chapters are there in Patanjali Yoga Sutra?,पतंजलि योग सूत्र में कितने अध्याय हैं?,It has four Chapters or Padas. First chapter is on Samadhi Pada or Concentration. Second chapter is on Sadhana Pada or Practice. Third chapter is on Vibhuti Pada or Powers. Last chapter is on Kaivalya Pada or Liberation.,"इसमें चार अध्याय या पाद हैं। पहला अध्याय समाधि पाद या एकाग्रता पर है, दूसरा अध्याय साधना पाद या अभ्यास पर है, तीसरा अध्याय विभूति पाद या शक्तियां पर है, और अंतिम अध्याय कैवल्य पाद या मुक्ति पर आधारित है।",https://gyanbharatam.com/manuscript/view?id=2d6a454c-ee2c-4ee8-8093-e98e392ccb2e,-,,,,,,,,
,,,,,,,,What is goal or essence of Hatha Yoga Pradipika?,हठ योग प्रदीपिका का लक्ष्य या सार क्या है?,To purify the physical body and awaken Kundalini energy to prepare the aspirant for the stillness of Raja Yoga or Samadhi.,"शारीरिक शुद्धि करना और कुंडलिनी शक्ति को जागृत करना, ताकि साधक राज योग या समाधि की स्थिरता के लिए तैयार हो सके।",https://gyanbharatam.com/manuscript/view?id=9f06fbc7-3682 4966-8d7c-8fb86aaa0275,-,,,,,,,,
,,,,,,,,What is goal or essence of Patanjali Yoga Sutra?,पतंजलि योग सूत्र का लक्ष्य या सार क्या है?,To achieve Kaivalya or Liberation through Chitta Vritti Nirodha or cessation of the fluctuations of the mind.,चित्त वृत्ति निरोध या मन की चंचलता को पूरी तरह रोकना के माध्यम से कैवल्य या मोक्ष प्राप्त करना।,https://gyanbharatam.com/manuscript/view?id=2d6a454c-ee2c-4ee8-8093-e98e392ccb2e,,,,,,,,,